Date,Shift,Total,Accounts,Max balance,Richest,Top 5% wealth,Top 5% ownership,Top 5% accounts,Top 10% wealth,Top 10% ownership,Top 10% accounts,Top 25% wealth,Top 25% ownership,Top 25% accounts,Top 50% wealth,Top 50% ownership,Top 50% accounts
2020-11-29-00_43_47,0,4528692,340,194342,a2d73cf3b37a62276ade44a96860495510d0e7d7c468950d4e49ac8a62b3d31d,2030853,0.44844140427302187,17,3055552,0.6747096071006816,34,4345800,0.9596148291824659,85,4473095,0.9877233867968941,170
2020-12-03-09_28_29,0,5649512,359,213942,a2d73cf3b37a62276ade44a96860495510d0e7d7c468950d4e49ac8a62b3d31d,2445758,0.4329149137129012,18,3820947,0.6763322212608806,36,5463749,0.9671187529117559,90,5595214,0.990388904386786,180
2020-12-04-09_35_11,0,5655024,362,213942,a2d73cf3b37a62276ade44a96860495510d0e7d7c468950d4e49ac8a62b3d31d,2446746,0.4326676597659002,18,3821935,0.6758477063934654,36,5473212,0.9678494733178852,91,5601677,0.990566441451,181
2020-12-06-16_08_57,0,6801458,366,233542,a2d73cf3b37a62276ade44a96860495510d0e7d7c468950d4e49ac8a62b3d31d,2819146,0.41449142228034047,18,4578028,0.6730950922581599,37,6608398,0.97161490962673,92,6745871,0.9918271935223301,183
2020-12-02-14_47_37,0,5649512,357,213942,a2d73cf3b37a62276ade44a96860495510d0e7d7c468950d4e49ac8a62b3d31d,2445774,0.4329177458159218,18,3820963,0.6763350533639012,36,5459767,0.9664139132725093,89,5595232,0.9903920905026842,179
2020-11-03-12_56_57,0,1268912,141,103600,55dc916737cc6e7fe2aad88af1a55e8517b3f86d2e5da0a95ced1b3a822cb6e7,646895,0.5098028862521593,7,920465,0.7253970330487851,14,1182242,0.9316973911508442,35,1234331,0.9727475191345026,71
2020-11-07-20_59_44,0,1516564,192,123908,a2d73cf3b37a62276ade44a96860495510d0e7d7c468950d4e49ac8a62b3d31d,905949,0.5973694483055116,10,1175470,0.7750876323056594,19,1435981,0.9468647548009843,48,1483981,0.9785152489443242,96
2020-11-08-22_38_18,0,2087686,209,143508,a2d73cf3b37a62276ade44a96860495510d0e7d7c468950d4e49ac8a62b3d31d,1062463,0.5089189657831685,10,1513839,0.7251277251464061,21,1991775,0.9540587042304255,52,2051962,0.9828882312761593,105
2020-11-09-17_23_37,0,2133912,223,143508,a2d73cf3b37a62276ade44a96860495510d0e7d7c468950d4e49ac8a62b3d31d,1127464,0.5283554335886391,11,1542331,0.7227716044522923,22,2035851,0.9540463711718197,56,2097538,0.9829543111431024,112
2020-11-04-12_16_07,0,1352868,143,118908,a2d73cf3b37a62276ade44a96860495510d0e7d7c468950d4e49ac8a62b3d31d,684895,0.5062541208750595,7,976965,0.7221436237681725,14,1268571,0.9376901515890685,36,1319160,0.9750840436761015,72
2020-11-06-11_57_01,0,1501904,168,123908,a2d73cf3b37a62276ade44a96860495510d0e7d7c468950d4e49ac8a62b3d31d,776095,0.5167407504074828,8,1129562,0.75208668463497,17,1422962,0.947438717787555,42,1469151,0.9781923478464669,84
2020-11-11-08_52_51,0,2203484,257,143456,a2d73cf3b37a62276ade44a96860495510d0e7d7c468950d4e49ac8a62b3d31d,1220090,0.5537094891544482,13,1661044,0.7538262133966028,26,2101576,0.9537514227468863,64,2168761,0.984241773482358,129
2020-11-12-10_11_43,0,2222520,272,143456,a2d73cf3b37a62276ade44a96860495510d0e7d7c468950d4e49ac8a62b3d31d,1261690,0.5676844302863416,14,1687044,0.7590680848766266,27,2116064,0.9521012184367295,68,2184261,0.982785756708601,136
2020-11-18-10_18_10,0,3145563,325,163066,a2d73cf3b37a62276ade44a96860495510d0e7d7c468950d4e49ac8a62b3d31d,1613759,0.513027079731037,16,2334286,0.7420884592042823,33,3021537,0.9605711282845074,81,3106021,0.9874292773662458,163
2020-11-03-20_36_43,0,1326448,141,118408,a2d73cf3b37a62276ade44a96860495510d0e7d7c468950d4e49ac8a62b3d31d,684395,0.5159606709045511,7,957965,0.7222032073628216,14,1237242,0.9327482117655573,35,1291831,0.9739024824192128,71
2020-11-04-19_17_48,0,1440845,143,123908,a2d73cf3b37a62276ade44a96860495510d0e7d7c468950d4e49ac8a62b3d31d,694898,0.4822850480100219,7,1042663,0.7236468877637775,14,1354769,0.9402600557311855,36,1407558,0.9768975844035965,72
2020-11-06-20_03_45,0,1501908,168,123908,a2d73cf3b37a62276ade44a96860495510d0e7d7c468950d4e49ac8a62b3d31d,776095,0.5167393741827062,8,1129562,0.7520846816183149,17,1423386,0.9477185020653729,42,1470073,0.9788036284512767,84
2020-11-13-11_32_26,0,2228530,282,143466,a2d73cf3b37a62276ade44a96860495510d0e7d7c468950d4e49ac8a62b3d31d,1262124,0.5663482205758953,14,1708071,0.7664563636118876,28,2121678,0.9520526984155475,71,2191561,0.9834110377692918,141
2020-11-14-16_39_14,0,2234052,292,143466,a2d73cf3b37a62276ade44a96860495510d0e7d7c468950d4e49ac8a62b3d31d,1302475,0.5830101537475404,15,1727552,0.7732819110745855,29,2126986,0.9520754217001216,73,2198201,0.9839524773819052,146
2020-11-15-13_41_35,0,3073408,305,163066,a2d73cf3b37a62276ade44a96860495510d0e7d7c468950d4e49ac8a62b3d31d,1554712,0.5058592936570738,15,2247850,0.7313867862646287,31,2950321,0.9599509729915455,76,3032115,0.9865644262004915,153
2020-11-23-11_03_27,0,4312723,344,182666,a2d73cf3b37a62276ade44a96860495510d0e7d7c468950d4e49ac8a62b3d31d,1971423,0.457117927583107,17,2984401,0.6919992311122231,34,4169078,0.96669273681616,86,4268611,0.9897716593437603,172
2020-11-24-09_40_07,0,4370337,349,182666,a2d73cf3b37a62276ade44a96860495510d0e7d7c468950d4e49ac8a62b3d31d,2005923,0.4589858859854515,17,3063681,0.7010171069187571,35,4218667,0.9652955824688119,87,4324717,0.9895614457191745,175
2020-11-25-09_39_16,0,4451373,354,184666,a2d73cf3b37a62276ade44a96860495510d0e7d7c468950d4e49ac8a62b3d31d,2083650,0.4680915304109541,18,3078064,0.6914864245256463,35,4293148,0.9644547873206761,89,4405220,0.9896317383423047,177
2020-11-27-16_13_13,0,4489181,361,189666,a2d73cf3b37a62276ade44a96860495510d0e7d7c468950d4e49ac8a62b3d31d,2094603,0.4665891172576913,18,3155715,0.7029600722269831,36,4330341,0.9646171539975777,90,4443835,0.989898825643252,181
2020-11-29-00_34_38,0,4528692,368,194342,a2d73cf3b37a62276ade44a96860495510d0e7d7c468950d4e49ac8a62b3d31d,2103539,0.4644915132228025,18,3211743,0.7091988150220858,37,4377800,0.9666808871082423,92,4485366,0.9904329991971191,184
2020-11-15-12_27_48,0,2250076,301,143466,a2d73cf3b37a62276ade44a96860495510d0e7d7c468950d4e49ac8a62b3d31d,1302475,0.578858225233281,15,1747152,0.7764857720361446,30,2138997,0.9506332230555767,75,2212712,0.9833943386801157,151
2020-11-16-01_57_42,0,3073910,307,163066,a2d73cf3b37a62276ade44a96860495510d0e7d7c468950d4e49ac8a62b3d31d,1554712,0.505776681815668,15,2247850,0.7312673435461676,31,2952269,0.9604279240446207,77,3033062,0.9867113871258429,154
2020-11-19-09_56_11,0,3188783,330,163066,a2d73cf3b37a62276ade44a96860495510d0e7d7c468950d4e49ac8a62b3d31d,1672423,0.5244706209234056,17,2334286,0.7320303702070664,33,3064132,0.9609095382156766,83,3149227,0.9875952675362356,165
2020-11-20-11_00_11,0,3194789,330,163066,a2d73cf3b37a62276ade44a96860495510d0e7d7c468950d4e49ac8a62b3d31d,1672423,0.5234846495339754,17,2334291,0.7306557647469051,33,3069622,0.9608215127822213,83,3154732,0.9874617697757192,165
2020-11-22-13_43_38,0,4249717,341,182666,a2d73cf3b37a62276ade44a96860495510d0e7d7c468950d4e49ac8a62b3d31d,1968923,0.46330685078559347,17,2972110,0.6993665695856924,34,4106488,0.9662968145878891,85,4206017,0.9897169623294916,171
2020-12-07-22_17_09,0,6806462,368,233542,a2d73cf3b37a62276ade44a96860495510d0e7d7c468950d4e49ac8a62b3d31d,2819032,0.4141699461482338,18,4577914,0.6725834949199746,37,6613284,0.971618441416407,92,6751759,0.9919630786155862,184
2020-12-08-10_28_26,0,6811966,370,233542,a2d73cf3b37a62276ade44a96860495510d0e7d7c468950d4e49ac8a62b3d31d,2917093,0.4282307046159655,19,4577890,0.6720365310102839,37,6623760,0.9723712655054356,93,6758237,0.9921125560521001,185
2020-12-09-10_29_25,0,6928994,372,233542,a2d73cf3b37a62276ade44a96860495510d0e7d7c468950d4e49ac8a62b3d31d,2922044,0.42171258915796433,19,4600726,0.6639818132329166,37,6732796,0.9716844898408051,93,6875201,0.9922365353469782,186
2020-12-10-10_29_52,0,6932250,374,233542,a2d73cf3b37a62276ade44a96860495510d0e7d7c468950d4e49ac8a62b3d31d,2922030,0.4215124959428757,19,4595710,0.6629463738324498,37,6736530,0.9717667423996538,94,6877439,0.9920933318908003,187
2020-12-11-10_30_33,0,6938256,374,233542,a2d73cf3b37a62276ade44a96860495510d0e7d7c468950d4e49ac8a62b3d31d,2911526,0.41963369469215317,19,4593792,0.6620960656395498,37,6742524,0.9717894525656015,94,6883438,0.9920991672835364,187
2020-12-12-10_29_33,0,6938256,374,233542,a2d73cf3b37a62276ade44a96860495510d0e7d7c468950d4e49ac8a62b3d31d,2911526,0.41963369469215317,19,4593792,0.6620960656395498,37,6742524,0.9717894525656015,94,6883438,0.9920991672835364,187
2020-12-13-10_29_57,0,6944268,377,233542,a2d73cf3b37a62276ade44a96860495510d0e7d7c468950d4e49ac8a62b3d31d,2912526,0.4194144004810874,19,4678478,0.6737179498256691,38,6748510,0.9718101317518275,94,6891434,0.9923917106885852,189
2020-12-14-10_31_19,0,8140324,379,253142,a2d73cf3b37a62276ade44a96860495510d0e7d7c468950d4e49ac8a62b3d31d,3280920,0.4030453824688059,19,5409359,0.6645139677487039,38,7940391,0.9754391839931679,95,8086893,0.9934362563455705,190
2020-12-15-10_31_12,0,8143328,385,253142,a2d73cf3b37a62276ade44a96860495510d0e7d7c468950d4e49ac8a62b3d31d,3280902,0.4028944922763764,19,5507607,0.6763336807752309,39,7943307,0.9754374378632421,96,8090319,0.9934904992160454,193
2020-12-16-10_53_40,0,8145335,386,253140,a2d73cf3b37a62276ade44a96860495510d0e7d7c468950d4e49ac8a62b3d31d,3280857,0.4027896949603669,19,5508062,0.6762228932266138,39,7949762,0.9759895694897754,97,8092409,0.9935022930303051,193
2020-12-17-10_32_30,0,8245337,387,253140,a2d73cf3b37a62276ade44a96860495510d0e7d7c468950d4e49ac8a62b3d31d,3280853,0.39790405170825643,19,5511740,0.6684675229162859,39,8044750,0.9756726741429732,97,8192402,0.9935800077061738,194
2020-12-18-10_35_54,0,8252839,387,253140,a2d73cf3b37a62276ade44a96860495510d0e7d7c468950d4e49ac8a62b3d31d,3280853,0.39754234876022665,19,5511791,0.66786605191256,39,8052248,0.9756943034996806,97,8199902,0.9935856012700599,194
2020-12-19-10_34_54,0,8256347,388,253140,a2d73cf3b37a62276ade44a96860495510d0e7d7c468950d4e49ac8a62b3d31d,3280853,0.39737343888283766,19,5509787,0.6673395631264044,39,8053744,0.9754609393234078,97,8201904,0.9934059215292187,194
2020-12-20-10_33_17,0,8256851,389,253140,a2d73cf3b37a62276ade44a96860495510d0e7d7c468950d4e49ac8a62b3d31d,3280853,0.39734918312078055,19,5507051,0.6669674673795131,39,8053186,0.975333816729889,97,8203351,0.9935205322222721,195
2020-12-21-10_36_01,0,9589787,394,272740,a2d73cf3b37a62276ade44a96860495510d0e7d7c468950d4e49ac8a62b3d31d,3790453,0.3952593524757119,20,6268460,0.6536599822290109,39,9355050,0.9755221883447464,99,9532537,0.994030107238044,197
2020-12-22-10_38_30,0,9589789,396,272740,a2d73cf3b37a62276ade44a96860495510d0e7d7c468950d4e49ac8a62b3d31d,3791396,0.39535760380129326,20,6387057,0.6660268541883455,40,9355025,0.9755193779550311,99,9533512,0.994131570569488,198
2020-12-23-10_39_31,0,9668197,397,272740,a2d73cf3b37a62276ade44a96860495510d0e7d7c468950d4e49ac8a62b3d31d,3806896,0.393754492176773,20,6387847,0.6607071618420683,40,9426007,0.9749498277703692,99,9611997,0.9941871271344596,199
2020-12-24-10_39_58,0,9668197,397,272740,a2d73cf3b37a62276ade44a96860495510d0e7d7c468950d4e49ac8a62b3d31d,3806644,0.3937284273375894,20,6390595,0.660991392707451,40,9425754,0.9749236594992841,99,9611994,0.994186816838755,199
2020-12-25-10_37_22,0,9673199,398,272740,a2d73cf3b37a62276ade44a96860495510d0e7d7c468950d4e49ac8a62b3d31d,3806644,0.393524830823805,20,6390595,0.6606495948238013,40,9438252,0.975711551059789,100,9616992,0.9941894093153671,199
2020-12-26-10_36_50,0,9674955,398,272740,a2d73cf3b37a62276ade44a96860495510d0e7d7c468950d4e49ac8a62b3d31d,3807144,0.39350508607016776,20,6391095,0.660581367045118,40,9439995,0.9757146157268949,100,9618735,0.994189120259474,199
2020-12-27-10_37_21,0,9674955,398,272740,a2d73cf3b37a62276ade44a96860495510d0e7d7c468950d4e49ac8a62b3d31d,3805142,0.3932981600431216,20,6389093,0.660374441018072,40,9437994,0.9755077930595026,100,9618030,0.9941162517034963,199
2020-12-28-10_39_26,0,10033395,409,272740,a2d73cf3b37a62276ade44a96860495510d0e7d7c468950d4e49ac8a62b3d31d,3797140,0.3784501656717392,20,6504691,0.648304088496466,41,9713966,0.968163418264705,102,9970006,0.9936821982987812,205
2020-12-29-10_41_32,0,11248721,411,292340,a2d73cf3b37a62276ade44a96860495510d0e7d7c468950d4e49ac8a62b3d31d,4345940,0.38634970144605774,21,7308291,0.6496997303071167,41,10903398,0.9693011321020407,103,11183938,0.9942408563604698,206
2020-12-30-10_41_38,0,11248721,411,292340,a2d73cf3b37a62276ade44a96860495510d0e7d7c468950d4e49ac8a62b3d31d,4340938,0.3859050286694816,21,7307787,0.6496549252132754,41,10903397,0.969301043203045,103,11183937,0.994240767461474,206
2020-12-31-10_43_51,0,11248721,412,292340,a2d73cf3b37a62276ade44a96860495510d0e7d7c468950d4e49ac8a62b3d31d,4338184,0.3856602008352772,21,7305033,0.649410097379071,41,10900612,0.9690534594999733,103,11183652,0.9942154312476947,206
2021-01-01-10_42_58,0,11274737,414,292340,a2d73cf3b37a62276ade44a96860495510d0e7d7c468950d4e49ac8a62b3d31d,4359924,0.3866985101293272,21,7326773,0.6498398144453391,41,10937525,0.9700913644371483,104,11208570,0.9941313930426936,207
2021-01-02-10_42_03,0,11274739,414,292340,a2d73cf3b37a62276ade44a96860495510d0e7d7c468950d4e49ac8a62b3d31d,4359672,0.38667609068378433,21,7328518,0.6499944699385058,41,10937266,0.9700682206479458,104,11208311,0.9941082449890858,207
2021-01-03-10_42_46,0,11287745,415,292340,a2d73cf3b37a62276ade44a96860495510d0e7d7c468950d4e49ac8a62b3d31d,4359672,0.38623055357823904,21,7465718,0.661400306261348,42,10942751,0.969436410904038,104,11222296,0.9942017648343402,208
2021-01-04-10_46_37,0,12875507,418,311940,a2d73cf3b37a62276ade44a96860495510d0e7d7c468950d4e49ac8a62b3d31d,4771774,0.3706086292368914,21,8289420,0.6438130941173812,42,12504884,0.9712148810916728,105,12808823,0.9948208641415053,209
2021-01-05-10_45_55,0,12876009,418,311940,a2d73cf3b37a62276ade44a96860495510d0e7d7c468950d4e49ac8a62b3d31d,4771272,0.3705551929949723,21,8289857,0.6438219327122248,42,12505346,0.971212896791234,105,12809285,0.9948179595090373,209
2021-01-06-10_46_14,0,12876009,418,311940,a2d73cf3b37a62276ade44a96860495510d0e7d7c468950d4e49ac8a62b3d31d,4771272,0.3705551929949723,21,8296757,0.6443578130459524,42,12505339,0.9712123531445186,105,12809278,0.994817415862322,209
2021-01-07-10_48_27,0,12882517,418,311940,a2d73cf3b37a62276ade44a96860495510d0e7d7c468950d4e49ac8a62b3d31d,4771272,0.3703679956331515,21,8296757,0.6440322958626796,42,12510340,0.971109915865044,105,12815779,0.994819490632149,209
2021-01-08-10_48_47,0,12882517,418,311940,a2d73cf3b37a62276ade44a96860495510d0e7d7c468950d4e49ac8a62b3d31d,4771272,0.3703679956331515,21,8296757,0.6440322958626796,42,12510340,0.971109915865044,105,12815779,0.994819490632149,209
2021-01-09-10_48_59,0,12882517,419,311940,a2d73cf3b37a62276ade44a96860495510d0e7d7c468950d4e49ac8a62b3d31d,4771272,0.3703679956331515,21,8293755,0.6437992668668708,42,12507339,0.9708769644938174,105,12815778,0.9948194130075668,210
2021-01-10-10_50_26,0,12882519,420,311940,a2d73cf3b37a62276ade44a96860495510d0e7d7c468950d4e49ac8a62b3d31d,4771272,0.37036793813383856,21,8290953,0.6435816628719896,42,12504500,0.9706564376113088,105,12814739,0.9947386066343081,210
2021-01-11-10_54_48,0,14470283,425,333300,02252d0bff25e51bdde628c89b48b0e270f4fa51c2dce45bf317d8801b1fdbea,5182882,0.3581741974224001,21,9283653,0.6415667889840164,43,14072209,0.9724902408612188,106,14402148,0.9952913844186738,213
2021-01-12-10_55_53,0,14470283,425,333300,02252d0bff25e51bdde628c89b48b0e270f4fa51c2dce45bf317d8801b1fdbea,5182882,0.3581741974224001,21,9283653,0.6415667889840164,43,14072208,0.97249017175407,106,14402147,0.995291315311525,213
2021-01-13-11_03_19,0,14509487,428,333300,02252d0bff25e51bdde628c89b48b0e270f4fa51c2dce45bf317d8801b1fdbea,5182882,0.3572064263884726,21,9275846,0.6392952417959367,43,14098908,0.9717027211230831,107,14439348,0.99516599036203,214
2021-01-14-11_07_00,0,14509487,430,333300,02252d0bff25e51bdde628c89b48b0e270f4fa51c2dce45bf317d8801b1fdbea,5378882,0.3707148295456621,22,9260842,0.638261159750169,43,14100604,0.9718196101626474,108,14438348,0.9950970699377587,215
2021-01-15-11_07_21,0,14509487,430,371353,a2d73cf3b37a62276ade44a96860495510d0e7d7c468950d4e49ac8a62b3d31d,5449495,0.3755815074647367,22,9331552,0.6431345229503979,43,14123674,0.973409604350588,108,14439006,0.9951424195769292,215
2021-01-16-11_03_35,0,14514999,431,371353,a2d73cf3b37a62276ade44a96860495510d0e7d7c468950d4e49ac8a62b3d31d,5449495,0.3754388822210735,22,9329355,0.6427389350836331,43,14113172,0.9723164293707496,108,14444505,0.9951433685941005,216
2021-01-17-11_02_34,0,14515001,430,371353,a2d73cf3b37a62276ade44a96860495510d0e7d7c468950d4e49ac8a62b3d31d,5447481,0.37530007748535466,22,9324945,0.6424350229118138,43,14110662,0.972143370847856,108,14443492,0.9950734416070657,215
2021-01-18-11_06_36,0,16218277,442,390953,a2d73cf3b37a62276ade44a96860495510d0e7d7c468950d4e49ac8a62b3d31d,5898026,0.36366538812970084,22,10351679,0.6382724256096994,44,15719454,0.9692431569642077,111,16142595,0.9953335363553107,221
2021-01-19-11_07_29,0,16218282,442,390953,a2d73cf3b37a62276ade44a96860495510d0e7d7c468950d4e49ac8a62b3d31d,5898026,0.3636652760138219,22,10345888,0.6379151626540962,44,15709852,0.9686508102399501,111,16142595,0.995333229499894,221
2021-01-20-11_07_53,0,16220284,445,390953,a2d73cf3b37a62276ade44a96860495510d0e7d7c468950d4e49ac8a62b3d31d,5898026,0.3636203903704769,22,10524288,0.648835001902556,45,15701639,0.9680249125107797,111,16144590,0.9953333739409248,223
2021-01-21-11_08_02,0,16240890,447,390953,a2d73cf3b37a62276ade44a96860495510d0e7d7c468950d4e49ac8a62b3d31d,5898026,0.36315903869800237,22,10524288,0.6480117776796714,45,15721239,0.9680035392149076,112,16164193,0.9952775371300464,224
2021-01-22-11_07_15,0,16242146,448,390953,a2d73cf3b37a62276ade44a96860495510d0e7d7c468950d4e49ac8a62b3d31d,5895922,0.3630014161921707,22,10522184,0.6478321276018575,45,15719135,0.9677991442756394,112,16164344,0.995209869434741,224
2021-01-23-11_03_15,0,16242039,451,390953,a2d73cf3b37a62276ade44a96860495510d0e7d7c468950d4e49ac8a62b3d31d,6091005,0.3750147995581097,23,10462773,0.644178541869035,45,15699414,0.966591325140889,113,16164219,0.995208729642873,226
2021-01-24-11_03_42,0,16242030,451,390989,a2d73cf3b37a62276ade44a96860495510d0e7d7c468950d4e49ac8a62b3d31d,6044970,0.3721806941619982,23,10438338,0.6426744686470841,45,15699373,0.9665893364314683,113,16164195,0.9952078034580653,226
2021-01-25-11_07_45,0,17477466,452,411700,02252d0bff25e51bdde628c89b48b0e270f4fa51c2dce45bf317d8801b1fdbea,6461374,0.36969741494562197,23,11287646,0.6458399632990275,45,16933891,0.9688985233900612,113,17399137,0.9955182862321117,226
2021-01-26-10_35_34,0,17908712,455,411700,02252d0bff25e51bdde628c89b48b0e270f4fa51c2dce45bf317d8801b1fdbea,6561374,0.36637888866603024,23,11583646,0.6468162534525096,46,17314936,0.9668442934366246,114,17829357,0.9955689164022516,228
2021-01-27-10_35_43,0,17908723,456,411700,02252d0bff25e51bdde628c89b48b0e270f4fa51c2dce45bf317d8801b1fdbea,6561376,0.3663787753040795,23,11583648,0.6468159678386896,46,17314938,0.9668438112533205,114,17829359,0.9955684165755425,228
2021-01-28-10_36_50,0,17987131,457,411700,02252d0bff25e51bdde628c89b48b0e270f4fa51c2dce45bf317d8801b1fdbea,6563376,0.3648928781360407,23,11585648,0.644107612270128,46,17389978,0.9668010979627601,114,17907757,0.995587178411054,229
2021-01-29-10_36_44,0,17987141,460,411700,02252d0bff25e51bdde628c89b48b0e270f4fa51c2dce45bf317d8801b1fdbea,6567376,0.36511505636165303,23,11580542,0.643823384716893,46,17405873,0.9676842473186817,115,17907729,0.9955850682440306,230
2021-01-30-10_35_38,0,18044651,462,411700,02252d0bff25e51bdde628c89b48b0e270f4fa51c2dce45bf317d8801b1fdbea,6569274,0.3640565838596712,23,11582940,0.6419043515998176,46,17450211,0.9670572736485732,116,17964228,0.9955431113630294,231
2021-01-31-10_35_37,0,18044629,463,411700,02252d0bff25e51bdde628c89b48b0e270f4fa51c2dce45bf317d8801b1fdbea,6569278,0.3640572493898323,23,11582944,0.6419053558817973,46,17446211,0.9668367800745584,116,17964168,0.9955410000394023,232
2021-02-01-10_36_44,0,19338363,466,475600,f37aaaa15fe0cec8e7cf1809cc884610122c5d8886486b6c2492555229442a46,7070078,0.3655985772942622,23,12745026,0.659054026444741,47,18721103,0.9680810624973789,117,19257049,0.9957951973494343,233
2021-02-02-10_36_28,0,19926425,472,450900,02252d0bff25e51bdde628c89b48b0e270f4fa51c2dce45bf317d8801b1fdbea,7169847,0.3598160231953298,24,12575014,0.6310722570656804,47,19240764,0.9655903655572939,118,19844060,0.9958665440489199,236
2021-02-03-10_32_21,0,19929439,474,450900,02252d0bff25e51bdde628c89b48b0e270f4fa51c2dce45bf317d8801b1fdbea,7169847,0.3597616069373553,24,12577510,0.6311020596214475,47,19240154,0.9654137279027272,119,19846056,0.9958160889526293,237
2021-02-04-10_28_56,0,19929441,478,450900,02252d0bff25e51bdde628c89b48b0e270f4fa51c2dce45bf317d8801b1fdbea,7169847,0.3597615708338232,24,12784306,0.641478403734455,48,19263330,0.9665765336820035,120,19846239,0.9958251714134883,239
2021-02-05-10_28_39,0,19957047,482,450900,02252d0bff25e51bdde628c89b48b0e270f4fa51c2dce45bf317d8801b1fdbea,7174847,0.35951446123266634,24,12789306,0.6408416034696917,48,19255194,0.9648318210605006,121,19873210,0.9957991279972432,241
2021-02-06-10_28_07,0,20165573,486,450900,02252d0bff25e51bdde628c89b48b0e270f4fa51c2dce45bf317d8801b1fdbea,7174847,0.3557968325521918,24,12995206,0.6444253282562316,49,19413770,0.9627184905680587,122,20080136,0.9957632247791818,243
2021-02-07-10_28_15,0,20165576,488,450900,02252d0bff25e51bdde628c89b48b0e270f4fa51c2dce45bf317d8801b1fdbea,7172686,0.3556896168004326,24,12963691,0.6428624205923996,49,19376029,0.9608467915818522,122,20078703,0.9956920149466596,244
2021-02-08-10_28_53,0,21949360,490,490100,02252d0bff25e51bdde628c89b48b0e270f4fa51c2dce45bf317d8801b1fdbea,7914384,0.3605747046838723,25,13921633,0.6342614545481052,49,21043567,0.9587326008594328,123,21861203,0.9959836186567627,245
2021-02-09-10_28_41,0,21949360,492,490100,02252d0bff25e51bdde628c89b48b0e270f4fa51c2dce45bf317d8801b1fdbea,7964384,0.3628526754310832,25,13956619,0.6358553962393436,49,21021697,0.9577362164546028,123,21861187,0.9959828897061236,246
2021-02-10-10_28_09,0,21968962,495,490100,02252d0bff25e51bdde628c89b48b0e270f4fa51c2dce45bf317d8801b1fdbea,7963380,0.3624832160936871,25,14171215,0.6450561933695366,50,20986987,0.9553017115692585,124,21879784,0.9959407276502186,248
2021-02-11-10_29_07,0,21968962,500,490100,02252d0bff25e51bdde628c89b48b0e270f4fa51c2dce45bf317d8801b1fdbea,7963380,0.3624832160936871,25,14165401,0.6447915472747415,50,21002849,0.9560237302062792,125,21877275,0.9958265210709546,250
2021-02-12-10_29_20,0,21968964,504,490100,02252d0bff25e51bdde628c89b48b0e270f4fa51c2dce45bf317d8801b1fdbea,7947078,0.3617411362684194,25,14149099,0.6440494417488235,50,21035348,0.957502957353838,126,21878278,0.9958720857296685,252
2021-02-13-10_28_47,0,22086576,508,490100,02252d0bff25e51bdde628c89b48b0e270f4fa51c2dce45bf317d8801b1fdbea,7947078,0.3598148486211715,25,14353897,0.6498923599565637,51,21144500,0.9573462179017699,127,21995903,0.995894655649658,254
2021-02-14-10_28_55,0,22086576,509,490100,02252d0bff25e51bdde628c89b48b0e270f4fa51c2dce45bf317d8801b1fdbea,7943828,0.35966770041675994,25,14338895,0.6492131238449997,51,21105512,0.9555809827652779,127,21995899,0.9958944745441756,255
2021-02-15-10_29_36,0,23439120,509,529300,02252d0bff25e51bdde628c89b48b0e270f4fa51c2dce45bf317d8801b1fdbea,8453428,0.3606546662161378,25,15395047,0.6568099399636164,51,22435348,0.9571753547061493,127,23347472,0.9960899555956025,255
2021-02-16-10_29_00,0,24351354,520,529300,02252d0bff25e51bdde628c89b48b0e270f4fa51c2dce45bf317d8801b1fdbea,8741222,0.358962462621175,26,15557253,0.6388660359501981,52,23129486,0.9498234061235363,130,24254930,0.996040302317481,260
2021-02-17-10_29_20,0,24359362,524,529300,02252d0bff25e51bdde628c89b48b0e270f4fa51c2dce45bf317d8801b1fdbea,8747222,0.3590907676481839,26,15576737,0.6394558691643895,52,23190919,0.9520331033300462,131,24262858,0.9960383198870315,262
2021-02-18-10_39_17,0,24409366,532,529300,02252d0bff25e51bdde628c89b48b0e270f4fa51c2dce45bf317d8801b1fdbea,9022132,0.36961762956071864,27,15759470,0.6456320905672027,53,23248043,0.9524230576082967,133,24314756,0.9961240287846886,266
2021-02-19-10_30_06,0,24409366,533,529300,02252d0bff25e51bdde628c89b48b0e270f4fa51c2dce45bf317d8801b1fdbea,9109626,0.3732020733352927,27,15883466,0.6507119439316859,53,23308729,0.9549092344307509,133,24316600,0.9961995735571337,267
2021-02-20-10_30_44,0,24409366,536,529300,02252d0bff25e51bdde628c89b48b0e270f4fa51c2dce45bf317d8801b1fdbea,9109626,0.3732020733352927,27,16102808,0.659697920871849,54,23325575,0.955599379352991,134,24315483,0.9961538124341288,268
2021-02-21-10_31_18,0,24409366,538,529300,02252d0bff25e51bdde628c89b48b0e270f4fa51c2dce45bf317d8801b1fdbea,9116876,0.37349909047207536,27,16114055,0.660158686628731,54,23355151,0.9568110453995405,135,24315510,0.9961549185669141,269
2021-02-22-10_26_43,0,25202388,548,600000,e49d214572d379e0e7137a9b47c950dcd813ef2aa72f250cf6de442e482683c7,9341476,0.37065836777054617,27,16518387,0.6554294378770774,55,24000657,0.9523167804574709,137,25105648,0.9961614748570651,274
2021-02-23-10_35_07,0,25204390,549,600000,e49d214572d379e0e7137a9b47c950dcd813ef2aa72f250cf6de442e482683c7,9346976,0.3708471421050063,27,16582737,0.6579305033765943,55,24071720,0.955060606505454,137,25109037,0.9962168098493953,275
2021-02-24-10_31_14,0,25209392,550,600000,e49d214572d379e0e7137a9b47c950dcd813ef2aa72f250cf6de442e482683c7,9671076,0.3836298788959289,28,16658734,0.6608145884676632,55,24108652,0.9563361147305734,138,25113279,0.996187413008612,275
2021-02-25-10_31_37,0,26521672,556,600000,e49d214572d379e0e7137a9b47c950dcd813ef2aa72f250cf6de442e482683c7,10171340,0.3835105117052952,28,17726941,0.6683945491822687,56,25263804,0.9525720701168463,139,26422345,0.9962548741270912,278
2021-02-26-10_36_52,0,26543778,556,600000,e49d214572d379e0e7137a9b47c950dcd813ef2aa72f250cf6de442e482683c7,10303190,0.3881583849895068,28,17845045,0.6722873058989568,56,25288222,0.9526986700988834,139,26444535,0.9962611576995558,278
2021-02-27-10_30_57,0,26543778,557,600000,e49d214572d379e0e7137a9b47c950dcd813ef2aa72f250cf6de442e482683c7,10303190,0.3881583849895068,28,17820043,0.6713453902455031,56,25273351,0.9521384258111261,139,26444486,0.9962593116925555,279
2021-02-28-10_30_23,0,26543780,551,600000,e49d214572d379e0e7137a9b47c950dcd813ef2aa72f250cf6de442e482683c7,10363570,0.390433088279062,28,17730239,0.6679620988419885,55,25304397,0.9533079689479041,138,26441269,0.9961380406257134,276
2021-03-01-10_55_49,0,27412274,554,600000,e49d214572d379e0e7137a9b47c950dcd813ef2aa72f250cf6de442e482683c7,10352329,0.3776530542486187,28,17927189,0.6539840146060119,55,25958565,0.9469686827149035,139,27308341,0.9962085232330598,277
2021-03-08-16_35_57,0,30020485,591,600000,e49d214572d379e0e7137a9b47c950dcd813ef2aa72f250cf6de442e482683c7,11480397,0.38241877171538036,30,19560641,0.6515764485483829,59,28033169,0.9338013359877431,148,29898569,0.9959389063834245,296
2021-03-09-10_35_14,0,30211711,595,600000,e49d214572d379e0e7137a9b47c950dcd813ef2aa72f250cf6de442e482683c7,11480397,0.3799982397554379,30,19801248,0.6554163052863838,60,28240784,0.9347628143271991,149,30092372,0.9960499092553877,298
2021-03-10-10_30_39,0,30211711,609,600000,e49d214572d379e0e7137a9b47c950dcd813ef2aa72f250cf6de442e482683c7,11480397,0.3799982397554379,30,19987294,0.661574380875019,61,28291194,0.9364313725892586,152,30093041,0.9960720529863403,305
2021-03-11-10_31_10,0,30211711,611,600000,e49d214572d379e0e7137a9b47c950dcd813ef2aa72f250cf6de442e482683c7,11818952,0.39120432470706473,31,20055544,0.6638334386291461,61,28303632,0.9368430672463404,153,30091545,0.9960225357643597,307
2021-03-12-15_14_40,0,30721725,649,600000,e49d214572d379e0e7137a9b47c950dcd813ef2aa72f250cf6de442e482683c7,12272949,0.39948762642722696,32,21170387,0.6891015071582081,65,29120670,0.9478852505840737,162,30619239,0.9966640545086579,325
2021-03-13-10_30_27,0,30721725,651,600000,e49d214572d379e0e7137a9b47c950dcd813ef2aa72f250cf6de442e482683c7,12586483,0.40969323825403686,33,21206424,0.6902745207178308,65,29148235,0.9487824983785904,163,30620127,0.9966929591355954,326
2021-03-14-10_30_26,0,30729229,655,600000,e49d214572d379e0e7137a9b47c950dcd813ef2aa72f250cf6de442e482683c7,12610722,0.41038198517769514,33,21391458,0.6961273906351506,66,29197761,0.9501624983822405,164,30625177,0.9966139078855509,328
2021-03-15-10_30_41,0,31591719,662,600000,e49d214572d379e0e7137a9b47c950dcd813ef2aa72f250cf6de442e482683c7,12933224,0.40938652309486545,33,21674247,0.6860736827901008,66,29889018,0.9461029328603486,166,31484553,0.9966077819317144,331
2021-03-16-10_31_08,0,32641137,671,600000,e49d214572d379e0e7137a9b47c950dcd813ef2aa72f250cf6de442e482683c7,13383922,0.41003234660606336,34,22133945,0.6780996936473138,67,30604166,0.9375949740966437,168,32525143,0.9964463860434764,336
2021-03-17-10_31_01,0,32663745,670,600000,e49d214572d379e0e7137a9b47c950dcd813ef2aa72f250cf6de442e482683c7,13375978,0.4095053399418836,34,22208544,0.6799141984484632,67,30675768,0.9391381178122716,168,32548701,0.9964779298883212,335
2021-03-18-10_31_06,0,32542105,663,600000,e49d214572d379e0e7137a9b47c950dcd813ef2aa72f250cf6de442e482683c7,13193187,0.40541897950363076,33,22244938,0.6835740343164648,66,30703604,0.943503931291476,166,32431253,0.9965935823758174,332
2021-03-19-10_31_01,0,32560409,666,720298,0fbd274ac9b151ce9e204fc607677e5ff65c2cec4c38b8da3d2797105af105fb,13433695,0.41257758770782027,33,22681446,0.6965958566429555,67,30836082,0.947042219279248,167,32451032,0.9966407977246232,333
2021-03-20-10_31_03,0,32564411,689,950298,0fbd274ac9b151ce9e204fc607677e5ff65c2cec4c38b8da3d2797105af105fb,13985689,0.4294777203248049,34,23187167,0.7120401164326294,69,30988744,0.9516138338875529,172,32463314,0.9968954758616699,345
2021-03-21-11_58_59,0,32564413,701,1090298,0fbd274ac9b151ce9e204fc607677e5ff65c2cec4c38b8da3d2797105af105fb,14362205,0.44103988608669226,35,22847228,0.7016011005633666,70,28708087,0.8815785194715471,175,28939918,0.8886976712892076,351
2021-03-22-10_31_48,0,32573665,703,1090298,0fbd274ac9b151ce9e204fc607677e5ff65c2cec4c38b8da3d2797105af105fb,14365205,0.44100671508717243,35,22850225,0.701493829447807,70,28930179,0.8881462678516525,176,29172356,0.8955810161368086,352
2021-03-23-10_32_36,0,32583667,708,1090298,0fbd274ac9b151ce9e204fc607677e5ff65c2cec4c38b8da3d2797105af105fb,14385200,0.4414849930795082,35,23060478,0.7077312077857904,71,29022260,0.8906996256744215,177,29261068,0.8980286964017893,354
2021-03-24-10_18_03,0,32583667,711,1090298,0fbd274ac9b151ce9e204fc607677e5ff65c2cec4c38b8da3d2797105af105fb,14697925,0.4510825930058762,36,23009550,0.7061682161188303,71,28969546,0.8890818212695336,178,29210066,0.8964634336583418,356
2021-03-25-10_12_53,0,32583667,714,1134698,0fbd274ac9b151ce9e204fc607677e5ff65c2cec4c38b8da3d2797105af105fb,14742323,0.4524451775179264,36,23053792,0.707526012956123,71,29097524,0.8930094946035386,179,29358618,0.9010225276363154,357
2021-03-26-10_16_36,0,32760669,714,1134698,0fbd274ac9b151ce9e204fc607677e5ff65c2cec4c38b8da3d2797105af105fb,14740523,0.4499457260778161,36,23140536,0.706351143195519,71,29261807,0.8931993116501986,179,29545385,0.9018553619890973,357
2021-03-27-10_16_26,0,32760669,715,1134698,0fbd274ac9b151ce9e204fc607677e5ff65c2cec4c38b8da3d2797105af105fb,14740520,0.4499456345045945,36,23303504,0.7113256447846044,72,29282008,0.8938159351996139,179,29565063,0.9024560212735583,358
2021-03-28-10_16_22,0,32760669,718,1134698,0fbd274ac9b151ce9e204fc607677e5ff65c2cec4c38b8da3d2797105af105fb,14740520,0.4499456345045945,36,23353416,0.7128491789957037,72,29292182,0.8941264905182492,180,29559502,0.902286275045238,359
2021-03-29-10_16_37,0,32506403,717,1134698,0fbd274ac9b151ce9e204fc607677e5ff65c2cec4c38b8da3d2797105af105fb,14740531,0.4534654603279237,36,23248142,0.7151865434019261,72,29042856,0.8934503150040932,179,29310208,0.9016749100169588,359
2021-03-30-21_22_00,0,32506507,717,1134698,0fbd274ac9b151ce9e204fc607677e5ff65c2cec4c38b8da3d2797105af105fb,14740531,0.4534640095289229,36,23278137,0.7161069935936211,72,29053087,0.8937621935202081,179,29329911,0.902278150033161,359
2021-03-31-10_16_38,0,32506507,717,1134698,0fbd274ac9b151ce9e204fc607677e5ff65c2cec4c38b8da3d2797105af105fb,14740519,0.4534636403720646,36,23278125,0.7161066244367628,72,29053075,0.8937618243633497,179,29329911,0.902278150033161,359
2021-04-01-10_16_47,0,32506507,717,1134698,0fbd274ac9b151ce9e204fc607677e5ff65c2cec4c38b8da3d2797105af105fb,14740519,0.4534636403720646,36,23278162,0.7161077626704093,72,29073886,0.8944020346449405,179,29355987,0.9030803278863521,359
2021-04-02-10_16_27,0,32506611,719,1134698,0fbd274ac9b151ce9e204fc607677e5ff65c2cec4c38b8da3d2797105af105fb,14640517,0.45038583074685945,36,23197363,0.7136198541275188,72,29072937,0.8943699790790248,180,29355953,0.9030763926759391,360
2021-04-03-10_16_26,0,32506715,720,1134698,0fbd274ac9b151ce9e204fc607677e5ff65c2cec4c38b8da3d2797105af105fb,14673682,0.4514046405488835,36,23239253,0.7149062278363101,72,29102116,0.8952647476067637,180,29375589,0.9036775632357806,360
2021-04-04-10_16_23,0,32506819,723,1134698,0fbd274ac9b151ce9e204fc607677e5ff65c2cec4c38b8da3d2797105af105fb,14658680,0.4509416931875124,36,23224338,0.7144451138082751,72,29124789,0.8959593677868019,181,29399747,0.9044178392232104,362
2021-04-05-10_16_23,0,32506819,721,1134698,0fbd274ac9b151ce9e204fc607677e5ff65c2cec4c38b8da3d2797105af105fb,14673678,0.45140307330594237,36,23239325,0.7149061555361661,72,29128524,0.8960742667561535,180,29414754,0.9048794962066267,361
2021-04-06-10_16_19,0,33305453,723,1134698,0fbd274ac9b151ce9e204fc607677e5ff65c2cec4c38b8da3d2797105af105fb,14962521,0.44925138835373296,36,23585930,0.7081702206542574,72,29978402,0.9001049167534217,181,30311388,0.910102859132407,362
2021-04-07-10_16_13,0,33326329,729,1134698,0fbd274ac9b151ce9e204fc607677e5ff65c2cec4c38b8da3d2797105af105fb,14944219,0.4484207966620026,36,23726443,0.7119428905595933,73,29992822,0.8999737714886029,182,30338050,0.9103327882287905,365
2021-04-08-10_16_28,0,33326332,730,1134698,0fbd274ac9b151ce9e204fc607677e5ff65c2cec4c38b8da3d2797105af105fb,15255983,0.45777564119567676,37,23744150,0.7124741480700606,73,29990025,0.8998897628457881,183,30312104,0.9095541627563454,365
2021-04-09-10_16_34,0,33326488,736,1134698,0fbd274ac9b151ce9e204fc607677e5ff65c2cec4c38b8da3d2797105af105fb,15264977,0.45804337378724097,37,23911365,0.7174882933959318,74,30005080,0.9003372932665452,184,30335824,0.9102616513327176,368
2021-04-10-10_16_35,0,33326488,739,1134698,0fbd274ac9b151ce9e204fc607677e5ff65c2cec4c38b8da3d2797105af105fb,15257077,0.457806325106924,37,23903465,0.7172512447156147,74,30100097,0.9031883887675173,185,30450835,0.9137126900380262,370
2021-04-11-10_16_26,0,33326488,751,1134698,0fbd274ac9b151ce9e204fc607677e5ff65c2cec4c38b8da3d2797105af105fb,15454319,0.46372480052503584,38,23646153,0.7095302991422319,75,29473801,0.8843956494905794,188,29788879,0.8938499310218346,376
2021-04-14-20_00_28,0,33772417,787,1134702,0fbd274ac9b151ce9e204fc607677e5ff65c2cec4c38b8da3d2797105af105fb,15794370,0.46767070298818114,39,24316859,0.7200212824566272,79,30139094,0.8924174423169061,197,30539779,0.9042817101304891,394
2021-04-15-10_16_17,0,33803797,789,1234702,0fbd274ac9b151ce9e204fc607677e5ff65c2cec4c38b8da3d2797105af105fb,15905463,0.47052297113250324,39,24431752,0.7227517074487224,79,30174674,0.892641557396644,197,30571056,0.9043675182406284,395
2021-04-16-10_16_19,0,33852331,790,1234702,0fbd274ac9b151ce9e204fc607677e5ff65c2cec4c38b8da3d2797105af105fb,16227214,0.4793529284586045,40,24460302,0.7225588689889627,79,30226516,0.8928931954493768,198,30619482,0.9045014359572462,395
2021-04-17-10_16_13,0,33878113,793,1234702,0fbd274ac9b151ce9e204fc607677e5ff65c2cec4c38b8da3d2797105af105fb,16225712,0.47894379477392973,40,24469200,0.7222716330156878,79,30328394,0.8952208760859851,198,30735264,0.9072306949327431,397
2021-04-18-10_16_22,0,33878113,795,1234702,0fbd274ac9b151ce9e204fc607677e5ff65c2cec4c38b8da3d2797105af105fb,16220707,0.47879605927284086,40,24595879,0.7260108908663242,80,30339589,0.8955513254235854,199,30725263,0.9069354895888092,398
2021-04-19-10_16_19,0,33928799,800,1234702,0fbd274ac9b151ce9e204fc607677e5ff65c2cec4c38b8da3d2797105af105fb,16291341,0.48016261937240984,40,24602494,0.7251212752918251,80,30381419,0.8954463433851578,200,30760834,0.9066290262735206,400
2021-04-20-10_16_23,0,33960123,801,1234702,0fbd274ac9b151ce9e204fc607677e5ff65c2cec4c38b8da3d2797105af105fb,16291341,0.4797197289303104,40,24602495,0.724452470328214,80,30304240,0.8923477691762188,200,30692168,0.9037708137865107,401
2021-04-21-10_16_28,0,33997845,802,1234702,0fbd274ac9b151ce9e204fc607677e5ff65c2cec4c38b8da3d2797105af105fb,16301370,0.47948244954937586,40,24615235,0.724023390306062,80,30347506,0.892630282889989,201,30729890,0.9038775840056922,401
2021-04-22-10_16_34,0,33997845,803,1234702,0fbd274ac9b151ce9e204fc607677e5ff65c2cec4c38b8da3d2797105af105fb,16274422,0.4786898110747902,40,24588287,0.7232307518314763,80,30319491,0.8918062600732488,201,30744903,0.9043191708180327,402
2021-04-23-10_16_19,0,34010851,805,1234702,0fbd274ac9b151ce9e204fc607677e5ff65c2cec4c38b8da3d2797105af105fb,16286723,0.4788684352532079,40,24756145,0.7278896079371845,81,30339568,0.8920555383927323,201,30765685,0.9045843927868785,403
2021-04-24-12_54_22,0,34076789,807,1234702,0fbd274ac9b151ce9e204fc607677e5ff65c2cec4c38b8da3d2797105af105fb,16289273,0.4780166640700801,40,24788495,0.727430480612478,81,30397648,0.8920338122233289,202,30831649,0.9047697833267095,404
2021-04-25-10_16_30,0,34154045,808,1234702,0fbd274ac9b151ce9e204fc607677e5ff65c2cec4c38b8da3d2797105af105fb,16248656,0.475746167108464,40,24766878,0.7251521159499555,81,30449787,0.8915426269421381,202,30899002,0.9046952418081079,404
2021-04-26-10_16_31,0,34154045,809,1234702,0fbd274ac9b151ce9e204fc607677e5ff65c2cec4c38b8da3d2797105af105fb,16257056,0.47599211162250327,40,24782478,0.725608870047457,81,30530318,0.8939005028540543,202,30997002,0.9075645944718993,405
2021-04-27-10_16_29,0,34154149,811,1234702,0fbd274ac9b151ce9e204fc607677e5ff65c2cec4c38b8da3d2797105af105fb,16562421,0.4849314500560386,41,24782373,0.7256035862582904,81,30543612,0.894287016198237,203,30997006,0.9075619480374112,406
2021-04-28-10_16_19,0,34208485,812,1234702,0fbd274ac9b151ce9e204fc607677e5ff65c2cec4c38b8da3d2797105af105fb,16578269,0.4846244725541046,41,24814413,0.72538766332388,81,30607100,0.8947224643242752,203,31061294,0.9079996965665097,406
2021-04-29-10_16_18,0,34240285,813,1234702,0fbd274ac9b151ce9e204fc607677e5ff65c2cec4c38b8da3d2797105af105fb,16609119,0.48507537247426535,41,24853161,0.7258456230723547,81,30647241,0.8950638407361388,203,31097050,0.9082006764838552,407
2021-04-30-10_31_41,0,35240287,814,1234702,0fbd274ac9b151ce9e204fc607677e5ff65c2cec4c38b8da3d2797105af105fb,17472444,0.49580878839040105,41,25936549,0.7359914236793815,81,31810669,0.9026790559339088,204,32247086,0.9150630924203313,407
2021-05-01-10_31_41,0,35240391,815,1234702,0fbd274ac9b151ce9e204fc607677e5ff65c2cec4c38b8da3d2797105af105fb,17503278,0.4966822870949417,41,26100576,0.7406437686800921,82,31720398,0.9001148142766067,204,32147090,0.9122228524649457,408
2021-05-02-10_31_25,0,35240391,814,1234702,0fbd274ac9b151ce9e204fc607677e5ff65c2cec4c38b8da3d2797105af105fb,17503278,0.4966822870949417,41,25973486,0.7370373955271949,81,31845061,0.9036523175920494,204,32294296,0.9164000478882315,407
2021-05-03-10_31_58,0,35234891,816,1234702,0fbd274ac9b151ce9e204fc607677e5ff65c2cec4c38b8da3d2797105af105fb,17427564,0.4946109809166147,41,26077329,0.7400996075168786,82,31825395,0.9032352335076047,204,32283844,0.916246455821305,408
2021-05-04-10_30_47,0,35228390,815,1234702,0fbd274ac9b151ce9e204fc607677e5ff65c2cec4c38b8da3d2797105af105fb,17393244,0.4937280415028901,41,26060209,0.739750212825508,82,31819567,0.9032364805771709,204,32277343,0.9162310000542176,408
2021-05-05-10_30_52,0,35217890,815,1234702,0fbd274ac9b151ce9e204fc607677e5ff65c2cec4c38b8da3d2797105af105fb,17497185,0.49682661283796387,41,26205492,0.7440960261957772,82,31828989,0.9037733095310366,204,32266182,0.916187255965647,408
2021-05-06-10_31_08,0,35217890,815,1234702,0fbd274ac9b151ce9e204fc607677e5ff65c2cec4c38b8da3d2797105af105fb,17497185,0.49682661283796387,41,26205492,0.7440960261957772,82,31828989,0.9037733095310366,204,32256833,0.9159217942926167,408
2021-05-07-10_30_59,0,35214390,815,1234702,0fbd274ac9b151ce9e204fc607677e5ff65c2cec4c38b8da3d2797105af105fb,17452448,0.4956055748800419,41,26186398,0.7436277612646421,82,31821489,0.9036501555188092,204,32253286,0.9159121029783563,408
2021-05-08-10_31_11,0,35210890,816,1234702,0fbd274ac9b151ce9e204fc607677e5ff65c2cec4c38b8da3d2797105af105fb,17433424,0.49511455120844716,41,26180274,0.7435277551916467,82,31824165,0.9038159785225537,204,32245909,0.9157936365709586,408
2021-05-09-10_30_52,0,35210890,816,1234702,0fbd274ac9b151ce9e204fc607677e5ff65c2cec4c38b8da3d2797105af105fb,17421620,0.4947793140133635,41,26168470,0.7431925179965629,82,31812887,0.9034956798876711,204,32248810,0.9158760258545012,408
2021-05-10-10_31_21,0,35210890,819,1234702,0fbd274ac9b151ce9e204fc607677e5ff65c2cec4c38b8da3d2797105af105fb,17421720,0.49478215404382,41,26163998,0.7430655118345489,82,31821519,0.903740831316675,205,32247812,0.9158476823505455,410
2021-05-11-10_31_24,0,35211098,826,1234702,0fbd274ac9b151ce9e204fc607677e5ff65c2cec4c38b8da3d2797105af105fb,17358681,0.49298891502900594,41,26277197,0.7462759894621861,83,31840763,0.9042820249456578,207,32253501,0.9160038406072994,413
2021-05-12-10_32_34,0,35211098,827,1234702,0fbd274ac9b151ce9e204fc607677e5ff65c2cec4c38b8da3d2797105af105fb,17327542,0.4921045631692599,41,26264578,0.7459176081359349,83,31811166,0.9034414660968539,207,32214402,0.9148934236586431,414
2021-05-13-10_33_02,0,35214102,832,1234702,0fbd274ac9b151ce9e204fc607677e5ff65c2cec4c38b8da3d2797105af105fb,17633040,0.5007380281910923,42,26264878,0.7458624956558597,83,31826896,0.9038110924992493,208,32217183,0.9148943511323958,416
2021-05-14-10_33_35,0,35212102,833,1234702,0fbd274ac9b151ce9e204fc607677e5ff65c2cec4c38b8da3d2797105af105fb,17623351,0.5004913083575641,42,26235456,0.7450692946419387,83,31834033,0.9040651137498125,208,32254331,0.916001294100534,417
2021-05-15-10_32_28,0,35212206,837,1234702,0fbd274ac9b151ce9e204fc607677e5ff65c2cec4c38b8da3d2797105af105fb,17628791,0.5006443220285602,42,26358739,0.7485682379570312,84,31837630,0.90416459565186,209,32264385,0.9162841146618306,419
2021-05-17-10_34_00,0,35208310,841,1234702,0fbd274ac9b151ce9e204fc607677e5ff65c2cec4c38b8da3d2797105af105fb,17652231,0.501365473094278,42,26326335,0.7477307203895899,84,31830917,0.9040739813981415,210,32260300,0.9162694829714917,421
2021-05-18-10_33_30,0,35208310,842,1234702,0fbd274ac9b151ce9e204fc607677e5ff65c2cec4c38b8da3d2797105af105fb,17628474,0.500690717617517,42,26218333,0.7446632059306454,84,31829503,0.9040338204247804,211,32260381,0.9162717835647323,421
2021-05-19-10_32_22,0,35208310,842,1234702,0fbd274ac9b151ce9e204fc607677e5ff65c2cec4c38b8da3d2797105af105fb,17628474,0.500690717617517,42,26218333,0.7446632059306454,84,31831134,0.9040801447158355,211,32260381,0.9162717835647323,421
2021-05-20-10_34_32,0,35208310,843,1000000,0fbd274ac9b151ce9e204fc607677e5ff65c2cec4c38b8da3d2797105af105fb,16699910,0.47431728475465024,42,25237210,0.7167969720784667,84,30680088,0.8713876922806008,211,31096615,0.8832180527835616,422
2021-05-21-10_33_48,0,35208310,844,1000000,0fbd274ac9b151ce9e204fc607677e5ff65c2cec4c38b8da3d2797105af105fb,16712790,0.4746831074822961,42,25270610,0.7177456117604054,84,30919882,0.8781984139539785,211,31360298,0.890707279048611,422
2021-05-22-10_34_19,0,35208312,844,1000000,0fbd274ac9b151ce9e204fc607677e5ff65c2cec4c38b8da3d2797105af105fb,16732300,0.4752372110313042,42,25297488,0.7185089702681572,84,30906076,0.8778062407536039,211,31350461,0.8904278342000604,422
2021-05-23-10_32_55,0,36205455,863,1004199,5ad13fd8cc674da7a3ad35426e0fcfe3a3157a044ebda0f54b9b32ee873ea921,17747355,0.4901845592052358,43,26470256,0.7311123696691562,86,31958999,0.8827122597962103,216,32346480,0.8934145420904115,432
2021-05-24-10_37_52,0,36205819,871,1004199,5ad13fd8cc674da7a3ad35426e0fcfe3a3157a044ebda0f54b9b32ee873ea921,18046356,0.49843799970385977,44,26588583,0.7343731956457055,87,31978143,0.8832321401153775,218,32345494,0.8933783268374622,436
2021-05-25-10_41_48,0,36205819,871,1000191,5ad13fd8cc674da7a3ad35426e0fcfe3a3157a044ebda0f54b9b32ee873ea921,18043348,0.49835491913606483,44,26586575,0.7343177349475232,87,31968138,0.8829558033199028,218,32345494,0.8933783268374622,436
2021-05-26-10_46_14,0,36202219,870,1000000,0fbd274ac9b151ce9e204fc607677e5ff65c2cec4c38b8da3d2797105af105fb,18017312,0.4976852938213539,44,26593739,0.7345886449667629,87,31976367,0.8832709122056855,218,32333062,0.8931237612810419,435
2021-05-27-10_56_10,0,36195819,870,1000000,0fbd274ac9b151ce9e204fc607677e5ff65c2cec4c38b8da3d2797105af105fb,18365015,0.5073794572793062,44,27313767,0.7546111057743989,87,32949084,0.910300827838707,218,33326662,0.9207323641440466,435
2021-05-28-11_01_45,0,36196287,880,1000000,0fbd274ac9b151ce9e204fc607677e5ff65c2cec4c38b8da3d2797105af105fb,18365115,0.5073756598294185,44,27337418,0.7552547585889128,88,32958475,0.9105485046021433,220,33325670,0.9206930534062789,440
2021-05-29-11_02_33,0,36196287,880,1000000,0fbd274ac9b151ce9e204fc607677e5ff65c2cec4c38b8da3d2797105af105fb,18365115,0.5073756598294185,44,27372344,0.7562196641882081,88,32997366,0.9116229518237603,220,33365882,0.9218039960839077,440
2021-05-30-11_02_59,0,36181883,884,1000000,0fbd274ac9b151ce9e204fc607677e5ff65c2cec4c38b8da3d2797105af105fb,18146825,0.5015445160772866,44,27190155,0.7514853497259941,88,32969381,0.9112124153405725,221,33350478,0.9217452281297798,442
2021-05-31-11_13_36,0,36179483,885,1000000,0fbd274ac9b151ce9e204fc607677e5ff65c2cec4c38b8da3d2797105af105fb,18127675,0.5010484809857565,44,27299645,0.7545615010584866,89,32947186,0.9106593922306739,221,33348078,0.9217400370259575,443
2021-06-01-11_15_36,0,36173879,885,1000000,0fbd274ac9b151ce9e204fc607677e5ff65c2cec4c38b8da3d2797105af105fb,17854565,0.493576179651621,44,27164617,0.7509456478250508,89,32941557,0.9106448606189013,221,33342474,0.9217279131165336,443
2021-06-02-11_41_16,0,36173879,887,1000000,0fbd274ac9b151ce9e204fc607677e5ff65c2cec4c38b8da3d2797105af105fb,17898607,0.4947936880089636,44,27145735,0.7504236689684288,89,32842652,0.9079107054015413,222,33240547,0.9189102169551682,444
2021-06-03-11_14_29,0,36173879,887,1000000,0fbd274ac9b151ce9e204fc607677e5ff65c2cec4c38b8da3d2797105af105fb,17895333,0.49470318071224817,44,27155555,0.7506951355700615,89,32852811,0.9081915434062241,222,33240547,0.9189102169551682,444
2021-06-04-11_31_22,0,36168539,891,1000000,0fbd274ac9b151ce9e204fc607677e5ff65c2cec4c38b8da3d2797105af105fb,18225491,0.5039045397990779,45,27135063,0.7502394000487551,89,32849764,0.9082413862500778,223,33235007,0.9188927150195367,446
2021-06-05-11_04_14,0,36168539,894,1000000,0fbd274ac9b151ce9e204fc607677e5ff65c2cec4c38b8da3d2797105af105fb,18118209,0.5009383707757729,45,27062155,0.7482236150041891,89,32840727,0.9079915282173825,224,33234112,0.91886796975681,447
2021-06-06-11_03_45,0,36170743,897,1000000,0fbd274ac9b151ce9e204fc607677e5ff65c2cec4c38b8da3d2797105af105fb,18124849,0.5010914207651195,45,27170174,0.7511643871954745,90,32799772,0.906803932670114,224,33186214,0.9174877607573613,449
2021-06-07-11_23_29,0,36171003,904,1000000,0fbd274ac9b151ce9e204fc607677e5ff65c2cec4c38b8da3d2797105af105fb,18116847,0.5008665919493579,45,27156165,0.7507716885815967,90,32904689,0.9096979975921596,226,33287240,0.9202741765275351,452
2021-06-09-10_33_16,0,36153803,903,1000000,0fbd274ac9b151ce9e204fc607677e5ff65c2cec4c38b8da3d2797105af105fb,18139483,0.5017309797257014,45,27145632,0.7508375259996853,90,32924288,0.9106728827393346,226,33309246,0.9213206699167996,452
2021-06-10-10_33_07,0,36153803,905,1000000,0fbd274ac9b151ce9e204fc607677e5ff65c2cec4c38b8da3d2797105af105fb,18129469,0.5014539964163659,45,27253218,0.7538133125303581,91,32868615,0.9091329894119299,226,33259256,0.9199379661387213,453
2021-06-11-10_30_36,0,36187815,906,1000000,0fbd274ac9b151ce9e204fc607677e5ff65c2cec4c38b8da3d2797105af105fb,18427646,0.5092223998602845,45,27368280,0.7562844012549528,91,32911395,0.909460684487306,227,33291318,0.9199593288514379,453
2021-06-12-10_29_34,0,36187813,908,1000000,0fbd274ac9b151ce9e204fc607677e5ff65c2cec4c38b8da3d2797105af105fb,18427638,0.5092222069346938,45,27363984,0.7561657290535905,91,32981132,0.9113878199823792,227,33391318,0.9227227409404376,454
2021-06-13-10_29_37,0,37175939,922,1000000,0fbd274ac9b151ce9e204fc607677e5ff65c2cec4c38b8da3d2797105af105fb,19435202,0.5227898076764114,46,28401719,0.7639812137630202,92,34008703,0.9148041425396142,231,34388990,0.9250335277341616,461
2021-06-14-10_30_28,0,37177941,926,1000000,0fbd274ac9b151ce9e204fc607677e5ff65c2cec4c38b8da3d2797105af105fb,19313358,0.519484336155141,46,28394018,0.7637329350756675,93,33961584,0.9134874897993948,232,34353092,0.9240181429089901,463
2021-06-15-10_30_30,0,37178357,934,1000000,0fbd274ac9b151ce9e204fc607677e5ff65c2cec4c38b8da3d2797105af105fb,19606859,0.5273729282872829,47,28382907,0.7634255327635915,93,33981111,0.9140024934399333,234,34378184,0.9246827125792568,467
2021-06-16-10_30_32,0,37178357,936,890397,5ad13fd8cc674da7a3ad35426e0fcfe3a3157a044ebda0f54b9b32ee873ea921,19379667,0.5212620611502548,47,28382891,0.7634251024056818,94,33983614,0.9140698175554127,234,34408221,0.9254906288623782,468
2021-06-17-10_30_33,0,37173565,941,819391,5ad13fd8cc674da7a3ad35426e0fcfe3a3157a044ebda0f54b9b32ee873ea921,19326505,0.5198991541435426,47,28268499,0.7604462741197945,94,33970760,0.9138418658527908,235,34403332,0.9254784145669106,471
2021-06-18-10_30_36,0,37173565,948,819391,5ad13fd8cc674da7a3ad35426e0fcfe3a3157a044ebda0f54b9b32ee873ea921,19331576,0.5200355682862271,47,28303538,0.7613888525353971,95,33859394,0.9108460272777174,237,34296678,0.922609332734162,474
2021-06-19-10_29_39,0,37167565,945,800000,e249c7ae7e2ece6a1c2f8b50989cdc94b3bb60174add3445f2166e80d2fcd797,19269227,0.5184420071640421,47,28287469,0.7610794250309376,95,33866357,0.9111804068950979,236,34337163,0.9238475267346677,473
2021-06-20-10_29_43,0,37167565,947,800000,e249c7ae7e2ece6a1c2f8b50989cdc94b3bb60174add3445f2166e80d2fcd797,19269227,0.5184420071640421,47,28287690,0.7610853710755601,95,33866346,0.9111801109381258,237,34337202,0.9238485760366599,474
2021-06-21-10_30_39,0,37167669,950,800000,e249c7ae7e2ece6a1c2f8b50989cdc94b3bb60174add3445f2166e80d2fcd797,19541016,0.5257530678074,48,28271374,0.7606442577822139,95,33844408,0.9105873171653568,238,34305809,0.9230013590575186,475
2021-06-22-10_30_19,0,37165669,953,800000,e249c7ae7e2ece6a1c2f8b50989cdc94b3bb60174add3445f2166e80d2fcd797,19376828,0.5213636272765599,48,28161074,0.7577173977414479,95,33825977,0.9101404040379308,238,34298819,0.9228629518279357,477
2021-06-23-10_30_36,0,37165669,953,800000,e249c7ae7e2ece6a1c2f8b50989cdc94b3bb60174add3445f2166e80d2fcd797,19376825,0.5213635465569044,48,28146053,0.7573132344261043,95,33819506,0.9099662917409075,238,34301818,0.9229436445769347,477
2021-06-24-10_27_26,0,37165669,952,800000,e249c7ae7e2ece6a1c2f8b50989cdc94b3bb60174add3445f2166e80d2fcd797,19373313,0.5212690507468062,48,28168889,0.757927672444158,95,33862246,0.9111162777669898,238,34341818,0.9240199066509471,476
2021-06-25-10_27_49,0,37162169,953,800000,e249c7ae7e2ece6a1c2f8b50989cdc94b3bb60174add3445f2166e80d2fcd797,19307221,0.5195396694956099,48,28004404,0.7535729144334928,95,33966015,0.9139944172795726,238,34472833,0.9276324264065426,477
2021-06-26-10_27_36,0,37162169,953,800000,e249c7ae7e2ece6a1c2f8b50989cdc94b3bb60174add3445f2166e80d2fcd797,19317215,0.5198085989006723,48,27988394,0.7531420999673082,95,33965807,0.9139888201896934,238,34470784,0.9275772896894151,477
2021-06-27-10_26_54,0,37162169,953,800000,e249c7ae7e2ece6a1c2f8b50989cdc94b3bb60174add3445f2166e80d2fcd797,19270381,0.5185483387689238,48,27957160,0.7523016215765016,95,33958909,0.9138032013147565,238,34472933,0.9276351173151384,477
2021-06-28-10_27_49,0,37162169,955,800000,e249c7ae7e2ece6a1c2f8b50989cdc94b3bb60174add3445f2166e80d2fcd797,19270381,0.5185483387689238,48,28060669,0.7550869541549096,96,33958806,0.9138004296789027,239,34470753,0.9275764555077504,478
2021-06-29-10_27_56,0,37156669,958,800000,e249c7ae7e2ece6a1c2f8b50989cdc94b3bb60174add3445f2166e80d2fcd797,19240705,0.5178264230305467,48,28045129,0.7547804944517497,96,33939650,0.9134201453849375,240,34446422,0.9270589352344797,479
2021-06-30-10_27_52,0,37142169,961,800000,e249c7ae7e2ece6a1c2f8b50989cdc94b3bb60174add3445f2166e80d2fcd797,19241286,0.518044220842353,48,27959628,0.7527731619550813,96,33925503,0.9133958493377163,240,34457921,0.927730445682911,481
2021-07-01-10_27_15,0,37142169,962,800000,e249c7ae7e2ece6a1c2f8b50989cdc94b3bb60174add3445f2166e80d2fcd797,19241289,0.5180443016130802,48,27958290,0.7527371382107491,96,33939741,0.9137791872090184,241,34457743,0.9277256532864303,481
2021-07-02-10_26_54,0,37142169,965,800000,e249c7ae7e2ece6a1c2f8b50989cdc94b3bb60174add3445f2166e80d2fcd797,19261485,0.518588050148606,48,28024937,0.7545315137626992,97,33930418,0.9135281787124494,241,34459716,0.9277787735013536,483
2021-07-03-10_26_22,0,37142169,965,800000,e249c7ae7e2ece6a1c2f8b50989cdc94b3bb60174add3445f2166e80d2fcd797,19261485,0.518588050148606,48,28020927,0.7544235502240055,97,33928621,0.9134797970468553,241,34459760,0.927779958138686,483
2021-07-04-10_26_33,0,37280197,968,800000,e249c7ae7e2ece6a1c2f8b50989cdc94b3bb60174add3445f2166e80d2fcd797,19211214,0.5153195408275337,48,27942431,0.7495247678009856,97,33857411,0.9081875559831403,242,34397788,0.9226825705883475,484
2021-07-05-10_27_30,0,37280353,973,800000,e249c7ae7e2ece6a1c2f8b50989cdc94b3bb60174add3445f2166e80d2fcd797,19505218,0.5232036831840085,49,27942431,0.7495216314072992,97,33868192,0.9084729428393556,243,34397788,0.9226787096141499,487
2021-07-06-10_27_15,0,37280353,975,800000,e249c7ae7e2ece6a1c2f8b50989cdc94b3bb60174add3445f2166e80d2fcd797,19505218,0.5232036831840085,49,28042431,0.7522040094416488,98,33875384,0.908665859467586,244,34394880,0.9226007060609109,488
2021-07-07-10_27_54,0,37342589,978,800000,e249c7ae7e2ece6a1c2f8b50989cdc94b3bb60174add3445f2166e80d2fcd797,19539868,0.5232595950966334,49,28079331,0.7519385171713724,98,33938654,0.9088457685673589,245,34456015,0.9227002177058479,489
2021-07-08-10_27_32,0,37425777,982,800000,e249c7ae7e2ece6a1c2f8b50989cdc94b3bb60174add3445f2166e80d2fcd797,19571419,0.5229395504601013,49,28112104,0.7511428286445463,98,34016395,0.9089028398795835,246,34542143,0.9229505909790463,491
2021-07-09-10_27_10,0,37425777,987,800000,e249c7ae7e2ece6a1c2f8b50989cdc94b3bb60174add3445f2166e80d2fcd797,19571419,0.5229395504601013,49,28209394,0.7537423738724249,99,34025888,0.909156488588066,247,34542143,0.9229505909790463,494
2021-07-10-10_26_21,0,37425777,990,800000,e249c7ae7e2ece6a1c2f8b50989cdc94b3bb60174add3445f2166e80d2fcd797,19857919,0.5305947021487356,50,28209394,0.7537423738724249,99,34031094,0.9092955905765163,248,34546113,0.9230566676010494,495
2021-07-11-10_26_33,0,37426279,990,800000,e249c7ae7e2ece6a1c2f8b50989cdc94b3bb60174add3445f2166e80d2fcd797,19857919,0.5305875852632852,50,28209390,0.7537321570226097,99,34035267,0.9093948933582203,248,34546685,0.9230595699882428,495
2021-07-12-10_27_27,0,37450347,994,800000,e249c7ae7e2ece6a1c2f8b50989cdc94b3bb60174add3445f2166e80d2fcd797,19875769,0.5307232266766447,50,28234738,0.7539246031552124,99,34082997,0.9100849452743388,249,34570708,0.9231078152626997,497
2021-07-13-10_27_18,0,37490019,995,800000,e249c7ae7e2ece6a1c2f8b50989cdc94b3bb60174add3445f2166e80d2fcd797,19885769,0.5304283521435399,50,28355902,0.7563586990980186,100,34124822,0.9102375221522294,249,34610455,0.9231911832319957,498
2021-07-14-10_27_18,0,37558366,995,800000,e249c7ae7e2ece6a1c2f8b50989cdc94b3bb60174add3445f2166e80d2fcd797,19922419,0.5304389173906021,50,28407201,0.7563481595551841,100,34184629,0.910173488378062,249,34673642,0.9231935702421133,498
2021-07-15-10_28_02,0,37624578,1000,800000,e249c7ae7e2ece6a1c2f8b50989cdc94b3bb60174add3445f2166e80d2fcd797,19960963,0.5305298839497947,50,28446195,0.7560535296900871,100,34248208,0.9102615848608322,250,34734894,0.923196906022441,500
2021-07-16-10_27_24,0,37624578,1000,800000,e249c7ae7e2ece6a1c2f8b50989cdc94b3bb60174add3445f2166e80d2fcd797,19960963,0.5305298839497947,50,28479432,0.7569369150133723,100,34254589,0.9104311814474039,250,34734891,0.9231968262873274,500
2021-07-17-10_26_47,0,37624578,1001,800000,e249c7ae7e2ece6a1c2f8b50989cdc94b3bb60174add3445f2166e80d2fcd797,19960963,0.5305298839497947,50,28479432,0.7569369150133723,100,34217230,0.9094382400780682,250,34687769,0.921944400280051,501
2021-07-18-10_26_47,0,37648092,1002,800000,e249c7ae7e2ece6a1c2f8b50989cdc94b3bb60174add3445f2166e80d2fcd797,19976863,0.5306208612112401,50,28480330,0.7564880047573195,100,34287760,0.9107436307794828,251,34758390,0.9232443970865775,501
2021-07-19-10_27_35,0,37661114,1003,800000,e249c7ae7e2ece6a1c2f8b50989cdc94b3bb60174add3445f2166e80d2fcd797,19984061,0.5306285151310182,50,28487542,0.7564179328311956,100,34299492,0.9107402399196157,251,34770909,0.9232575807502668,502
2021-07-20-10_27_46,0,37661114,1003,800000,e249c7ae7e2ece6a1c2f8b50989cdc94b3bb60174add3445f2166e80d2fcd797,19984053,0.5306283027103235,50,28487534,0.7564177204105008,100,34299428,0.910738540554058,251,34770968,0.9232591473528903,502
2021-07-21-10_27_24,0,37702038,1005,800000,e249c7ae7e2ece6a1c2f8b50989cdc94b3bb60174add3445f2166e80d2fcd797,20012195,0.5307987594728965,50,28589934,0.7583126938655147,101,34327853,0.9105039096295007,251,34811699,0.9233373272818832,503
2021-07-22-10_27_24,0,37702038,1004,800000,e249c7ae7e2ece6a1c2f8b50989cdc94b3bb60174add3445f2166e80d2fcd797,20012195,0.5307987594728965,50,28483168,0.7554808575600077,100,34361322,0.911391633523896,251,34850885,0.9243766875414002,502
2021-07-23-10_27_49,0,37894844,1004,800000,e249c7ae7e2ece6a1c2f8b50989cdc94b3bb60174add3445f2166e80d2fcd797,20079745,0.5298806613374633,50,28560691,0.7536827701415,100,34505410,0.9105568557031136,251,34994828,0.9234720164041313,502
2021-07-24-10_27_00,0,37930776,1004,800000,e249c7ae7e2ece6a1c2f8b50989cdc94b3bb60174add3445f2166e80d2fcd797,20087745,0.5295896134579477,50,28590791,0.7537623538205493,100,34526813,0.910258545725508,251,35020759,0.923280847193846,502
2021-07-25-10_27_06,0,37930776,1004,800000,e249c7ae7e2ece6a1c2f8b50989cdc94b3bb60174add3445f2166e80d2fcd797,20087745,0.5295896134579477,50,28581839,0.7535263449395287,100,34524305,0.9101924252749272,251,35018258,0.9232149112899773,502
2021-07-26-10_44_31,0,37930776,1003,800000,e249c7ae7e2ece6a1c2f8b50989cdc94b3bb60174add3445f2166e80d2fcd797,20128798,0.5306719271970602,50,28744339,0.7578104650429509,100,34557127,0.9110577384443703,251,35031654,0.9235680809693954,502
2021-07-27-10_27_18,0,37930776,1004,800000,e249c7ae7e2ece6a1c2f8b50989cdc94b3bb60174add3445f2166e80d2fcd797,20143796,0.5310673317097441,50,28749364,0.7579429432184567,100,34466708,0.9086739485635622,251,34931654,0.9209316993672895,502
2021-07-28-10_28_17,0,37930830,1008,800000,e249c7ae7e2ece6a1c2f8b50989cdc94b3bb60174add3445f2166e80d2fcd797,20358064,0.5367154897480493,50,29019957,0.7650757180900075,101,34493171,0.9093703196054502,252,34921650,0.9206666450483683,504
2021-07-29-10_27_17,0,37930830,1008,800000,e249c7ae7e2ece6a1c2f8b50989cdc94b3bb60174add3445f2166e80d2fcd797,20357062,0.5366890732420039,50,29010953,0.7648383386284983,101,34493488,0.909378676923231,252,34931333,0.9209219255154711,504
2021-07-30-10_27_12,0,37930830,1007,800000,e249c7ae7e2ece6a1c2f8b50989cdc94b3bb60174add3445f2166e80d2fcd797,20357062,0.5366890732420039,50,29010953,0.7648383386284983,101,34513537,0.9099072443181444,252,34951697,0.9214587975006083,504
2021-07-31-10_26_32,0,38070438,1009,800000,e249c7ae7e2ece6a1c2f8b50989cdc94b3bb60174add3445f2166e80d2fcd797,20407362,0.5360422173235831,50,29085180,0.7639833300578259,101,34672052,0.910734255277021,252,35140287,0.923033430821048,505
2021-08-01-10_26_53,0,38070438,1009,800000,e249c7ae7e2ece6a1c2f8b50989cdc94b3bb60174add3445f2166e80d2fcd797,20388154,0.5355376788677871,50,29065972,0.7634787916020299,101,34662718,0.9104890781661088,252,35140287,0.923033430821048,505
2021-08-02-10_27_30,0,38070438,1009,800000,e249c7ae7e2ece6a1c2f8b50989cdc94b3bb60174add3445f2166e80d2fcd797,20388154,0.5355376788677871,50,29065972,0.7634787916020299,101,34665452,0.9105608924173659,252,35140191,0.9230309091794531,505
2021-08-03-10_30_30,0,38145832,1011,800000,e249c7ae7e2ece6a1c2f8b50989cdc94b3bb60174add3445f2166e80d2fcd797,20830904,0.5460859786725847,51,29220436,0.7660191026899086,101,34714163,0.910038166161902,253,35155531,0.921608709439081,506
2021-08-04-10_27_24,0,38145832,1011,800000,e249c7ae7e2ece6a1c2f8b50989cdc94b3bb60174add3445f2166e80d2fcd797,20830904,0.5460859786725847,51,29220436,0.7660191026899086,101,34720932,0.9102156167415617,253,35155406,0.9216054325410965,506
2021-08-05-10_27_20,0,38145832,1012,800000,e249c7ae7e2ece6a1c2f8b50989cdc94b3bb60174add3445f2166e80d2fcd797,20830904,0.5460859786725847,51,29220436,0.7660191026899086,101,34720860,0.9102137292483226,253,35155030,0.9215955756319589,506
2021-08-06-10_27_26,0,38145832,1012,800000,e249c7ae7e2ece6a1c2f8b50989cdc94b3bb60174add3445f2166e80d2fcd797,20830904,0.5460859786725847,51,29220436,0.7660191026899086,101,34719765,0.9101850236219778,253,35155070,0.921596624239314,506
2021-08-07-10_26_24,0,38145832,1012,800000,e249c7ae7e2ece6a1c2f8b50989cdc94b3bb60174add3445f2166e80d2fcd797,20771005,0.5445157153735695,51,29208434,0.7657044680530235,101,34717757,0.9101323835327539,253,35155069,0.9215965980241302,506
2021-08-08-10_26_21,0,38252202,1014,800000,e249c7ae7e2ece6a1c2f8b50989cdc94b3bb60174add3445f2166e80d2fcd797,20847755,0.5450079710443859,51,29294756,0.7658318859656759,101,34830395,0.9105461431998084,254,35261340,0.921812030585847,507
2021-08-09-10_27_20,0,38254204,1014,800000,e249c7ae7e2ece6a1c2f8b50989cdc94b3bb60174add3445f2166e80d2fcd797,20847755,0.5449794485332906,51,29294756,0.7657918068299108,101,34830496,0.9105011308038197,254,35268340,0.9219467747910792,507
2021-08-10-10_27_17,0,38254204,1014,800000,e249c7ae7e2ece6a1c2f8b50989cdc94b3bb60174add3445f2166e80d2fcd797,20847755,0.5449794485332906,51,29294756,0.7657918068299108,101,34830496,0.9105011308038197,254,35268340,0.9219467747910792,507
2021-08-11-10_29_05,0,38254204,1015,800000,e249c7ae7e2ece6a1c2f8b50989cdc94b3bb60174add3445f2166e80d2fcd797,20847755,0.5449794485332906,51,29390765,0.7683015702012778,102,34830194,0.9104932362466619,254,35268194,0.921942958217089,508
2021-08-12-10_27_15,0,38254204,1016,800000,e249c7ae7e2ece6a1c2f8b50989cdc94b3bb60174add3445f2166e80d2fcd797,20836253,0.5446787756974371,51,29379341,0.768002936357008,102,34830190,0.910493131682991,254,35268306,0.921945885999876,508
2021-08-13-10_27_07,0,38254204,1016,800000,e249c7ae7e2ece6a1c2f8b50989cdc94b3bb60174add3445f2166e80d2fcd797,20861253,0.5453322986409546,51,29411497,0.768843523707878,102,34827508,0.9104230217416104,254,35268281,0.9219452324769325,508
2021-08-14-10_26_27,0,38375716,1016,800000,e249c7ae7e2ece6a1c2f8b50989cdc94b3bb60174add3445f2166e80d2fcd797,20918153,0.5450882792649393,51,29501797,0.7687621255066616,102,34945316,0.9106101368896935,254,35389348,0.9221807874542328,508
2021-08-15-10_26_26,0,38450514,1016,809634,a2d73cf3b37a62276ade44a96860495510d0e7d7c468950d4e49ac8a62b3d31d,20973851,0.5454764791960909,51,29558395,0.7687386181625556,102,35010772,0.9105410658489507,254,35464647,0.9223451993385576,508
2021-08-16-10_27_41,0,38484340,1016,815634,a2d73cf3b37a62276ade44a96860495510d0e7d7c468950d4e49ac8a62b3d31d,20996251,0.5455790848953107,51,29589495,0.7688710524852447,102,35042684,0.9105699617039035,254,35494455,0.9223090483038036,508
2021-08-17-10_27_10,0,38569344,1020,815634,a2d73cf3b37a62276ade44a96860495510d0e7d7c468950d4e49ac8a62b3d31d,20987648,0.5441536158872705,51,29593478,0.7672797857282716,102,35122942,0.9106440078420831,255,35573495,0.9223256428732622,510
2021-08-18-10_27_06,0,38569344,1018,815634,a2d73cf3b37a62276ade44a96860495510d0e7d7c468950d4e49ac8a62b3d31d,21076247,0.5464507511457805,51,29683478,0.7696132451721243,102,35181858,0.9121715422486834,255,35622919,0.9236070750905175,509
2021-08-19-10_27_23,0,38571102,1019,815634,a2d73cf3b37a62276ade44a96860495510d0e7d7c468950d4e49ac8a62b3d31d,21042833,0.5455595487004753,51,29706064,0.7701637355344424,102,35184236,0.9121916195186749,255,35625231,0.9236249200243228,510
2021-08-20-10_27_10,0,38572004,1019,815634,a2d73cf3b37a62276ade44a96860495510d0e7d7c468950d4e49ac8a62b3d31d,20988534,0.544139060029134,51,29643594,0.7685261569505177,102,35185120,0.912193206243575,255,35626130,0.9236266282664494,510
2021-08-21-10_26_33,0,38652912,1020,827634,a2d73cf3b37a62276ade44a96860495510d0e7d7c468950d4e49ac8a62b3d31d,21030634,0.5440892525768822,51,29662742,0.76741286659075,102,35248777,0.9119306974853537,255,35705038,0.923734749920006,510
2021-08-22-10_26_37,0,38653068,1022,827634,a2d73cf3b37a62276ade44a96860495510d0e7d7c468950d4e49ac8a62b3d31d,21028632,0.5440352626083912,51,29705738,0.7685221261091099,102,35264795,0.9123414213847139,256,35712536,0.9239250038315199,511
2021-08-23-10_27_27,0,38708072,1023,827634,a2d73cf3b37a62276ade44a96860495510d0e7d7c468950d4e49ac8a62b3d31d,21028632,0.5432621908939304,51,29705738,0.7674300595493364,102,35304334,0.9120664547694342,256,35768144,0.9240487100468346,512
2021-08-24-10_27_25,0,38711078,1023,827634,a2d73cf3b37a62276ade44a96860495510d0e7d7c468950d4e49ac8a62b3d31d,21028629,0.5432199278976421,51,29705735,0.7673703894270265,102,35307331,0.9120730505102441,256,35771097,0.9240532387137346,512
2021-08-25-10_28_30,0,38745858,1023,827634,a2d73cf3b37a62276ade44a96860495510d0e7d7c468950d4e49ac8a62b3d31d,21050529,0.5432975313128955,51,29734435,0.7674222880804447,102,35337884,0.9120428821062628,256,35803177,0.9240517270258927,512
2021-08-26-10_27_17,0,38745858,1024,827634,a2d73cf3b37a62276ade44a96860495510d0e7d7c468950d4e49ac8a62b3d31d,20995084,0.541866539644057,51,29730490,0.767320470745544,102,35331316,0.9118733672125676,256,35799456,0.9239556909541143,512
2021-08-27-10_27_10,0,38745860,1025,827634,a2d73cf3b37a62276ade44a96860495510d0e7d7c468950d4e49ac8a62b3d31d,20995081,0.5418664342461362,51,29810423,0.7693834386435092,103,35332497,0.9119038008189778,256,35803106,0.9240498468739627,513
2021-08-28-10_26_26,0,38745860,1025,827634,a2d73cf3b37a62276ade44a96860495510d0e7d7c468950d4e49ac8a62b3d31d,20995081,0.5418664342461362,51,29880423,0.7711900832759939,103,35348306,0.91231181860462,256,35803103,0.9240497694463357,513
2021-08-29-10_26_28,0,38872786,1025,848034,a2d73cf3b37a62276ade44a96860495510d0e7d7c468950d4e49ac8a62b3d31d,21089731,0.5425320171288983,51,30007323,0.7719365162044213,103,35480584,0.9127358147162388,256,35935229,0.9244315290393644,513
2021-08-30-10_27_13,0,38872786,1025,848034,a2d73cf3b37a62276ade44a96860495510d0e7d7c468950d4e49ac8a62b3d31d,21089731,0.5425320171288983,51,30007323,0.7719365162044213,103,35480582,0.9127357632663633,256,35935211,0.924431065990485,513
2021-08-31-10_27_03,0,38873788,1026,848034,a2d73cf3b37a62276ade44a96860495510d0e7d7c468950d4e49ac8a62b3d31d,21089731,0.5425180329737869,51,30007323,0.7719166189824361,103,35489253,0.9129352920276254,257,35935213,0.9244072895597414,513
2021-09-01-10_27_30,0,38873788,1026,848034,a2d73cf3b37a62276ade44a96860495510d0e7d7c468950d4e49ac8a62b3d31d,21089731,0.5425180329737869,51,30007323,0.7719166189824361,103,35489251,0.912935240579076,257,35935212,0.9244072638354667,513
2021-09-02-10_27_30,0,38873788,1026,848034,a2d73cf3b37a62276ade44a96860495510d0e7d7c468950d4e49ac8a62b3d31d,21089731,0.5425180329737869,51,30007323,0.7719166189824361,103,35489251,0.912935240579076,257,35935212,0.9244072638354667,513
2021-09-03-10_27_10,0,38873788,1026,800000,e249c7ae7e2ece6a1c2f8b50989cdc94b3bb60174add3445f2166e80d2fcd797,20781707,0.5345943389926394,51,29649312,0.7627070456833278,103,35086982,0.9025871623315948,257,35534987,0.9141117660054122,513
2021-09-04-10_26_56,0,38992468,1026,800000,e249c7ae7e2ece6a1c2f8b50989cdc94b3bb60174add3445f2166e80d2fcd797,20852058,0.5347714332932196,51,29743663,0.7628053448681422,103,35181207,0.902256481944154,257,35612363,0.9133138994946408,513
2021-09-05-10_26_26,0,38992468,1026,800000,e249c7ae7e2ece6a1c2f8b50989cdc94b3bb60174add3445f2166e80d2fcd797,20852058,0.5347714332932196,51,29743663,0.7628053448681422,103,35202602,0.9028051776563617,257,35642339,0.9140826633492396,513
2021-09-06-10_28_23,0,38992468,1027,800000,e249c7ae7e2ece6a1c2f8b50989cdc94b3bb60174add3445f2166e80d2fcd797,20872058,0.5352843528652764,51,29763663,0.763318264440199,103,35208889,0.9029664139238378,257,35643089,0.9141018978331917,514
2021-09-07-10_27_17,0,38992468,1030,800000,e249c7ae7e2ece6a1c2f8b50989cdc94b3bb60174add3445f2166e80d2fcd797,21158448,0.5426291046773444,52,29763527,0.7633147765871091,103,35213949,0.9030961825755682,258,35644715,0.9141435981944,515
2021-09-08-10_27_46,0,39092470,1032,800000,e249c7ae7e2ece6a1c2f8b50989cdc94b3bb60174add3445f2166e80d2fcd797,21223298,0.5428998986249781,52,29851883,0.7636223293130365,103,35312907,0.9033173652112543,258,35755482,0.91463859919826,516
2021-09-09-10_27_26,0,39092470,1034,742823,0dc3388ddeb691506362c346509f4f68abd4d6f721b52c1199ff4eb8abcd887c,20823296,0.5326676978968072,52,29451881,0.7533901285848655,103,34920639,0.8932830030949694,259,35350307,0.9042740711958083,517
2021-09-10-10_27_22,0,39092470,1035,742820,0dc3388ddeb691506362c346509f4f68abd4d6f721b52c1199ff4eb8abcd887c,20723288,0.5301094558619601,52,29449876,0.7533388399351588,104,34820619,0.8907244540956353,259,35250471,0.9017202289852752,518
2021-09-11-10_26_14,0,39092470,1038,742820,0dc3388ddeb691506362c346509f4f68abd4d6f721b52c1199ff4eb8abcd887c,20723288,0.5301094558619601,52,29389431,0.7517926342336516,104,34780563,0.8896998066379536,260,35209543,0.9006732754415364,519
2021-09-27-10_27_17,0,39453149,1075,742820,0dc3388ddeb691506362c346509f4f68abd4d6f721b52c1199ff4eb8abcd887c,21402638,0.5424823757414142,54,29968460,0.759596147825868,108,35151795,0.8909756481035266,269,35541915,0.9008638321873876,538
2021-09-28-10_26_57,0,39453825,1089,742820,0dc3388ddeb691506362c346509f4f68abd4d6f721b52c1199ff4eb8abcd887c,21403512,0.5424952333518993,54,29998371,0.7603412596877489,109,35018833,0.8875903160213237,272,35372330,0.8965500810124241,545
2021-09-29-10_27_17,0,39454033,1096,742820,0dc3388ddeb691506362c346509f4f68abd4d6f721b52c1199ff4eb8abcd887c,21677916,0.5494474037673157,55,30077686,0.7623475653300132,110,35032034,0.8879202285860105,274,35372591,0.8965519697314593,548
2021-09-30-10_27_03,0,39954139,1101,742820,0dc3388ddeb691506362c346509f4f68abd4d6f721b52c1199ff4eb8abcd887c,21913412,0.5484641278341651,55,30508056,0.7635768599593649,110,35538382,0.889479360323595,275,35872480,0.897841397608393,551
2021-10-01-10_27_05,0,39954399,1107,742820,0dc3388ddeb691506362c346509f4f68abd4d6f721b52c1199ff4eb8abcd887c,21911408,0.5484104015680477,55,30585455,0.765509074482637,111,35549196,0.8897442306665656,277,35871620,0.8978140304400524,554
2021-10-02-10_26_31,0,39954607,1110,742820,0dc3388ddeb691506362c346509f4f68abd4d6f721b52c1199ff4eb8abcd887c,22109168,0.5533571635431178,56,30661956,0.7674197871599638,111,35742699,0.8945826697782311,278,36071774,0.902818891448488,555
2021-10-03-10_26_34,0,39954607,1111,742820,0dc3388ddeb691506362c346509f4f68abd4d6f721b52c1199ff4eb8abcd887c,22109168,0.5533571635431178,56,30661956,0.7674197871599638,111,35741697,0.894557591318568,278,36070752,0.9027933124207679,556
2021-10-04-10_27_31,0,39954607,1112,742820,0dc3388ddeb691506362c346509f4f68abd4d6f721b52c1199ff4eb8abcd887c,22106666,0.5532945424791689,56,30659412,0.7673561149030949,111,35738889,0.8944873115633448,278,36069340,0.9027579723159335,556
2021-10-05-10_27_05,0,39954666,1114,742820,0dc3388ddeb691506362c346509f4f68abd4d6f721b52c1199ff4eb8abcd887c,22106664,0.5532936753869998,56,30590747,0.7656364090241675,111,35744122,0.8946169641363039,279,36072586,0.9028378813127859,557
2021-10-06-10_27_11,0,39954822,1116,742820,0dc3388ddeb691506362c346509f4f68abd4d6f721b52c1199ff4eb8abcd887c,22106162,0.5532789509111066,56,30681318,0.7679002549429453,112,35744368,0.8946196281390016,279,36071790,0.9028144337622127,558
2021-10-07-10_27_18,0,39954821,1117,742820,0dc3388ddeb691506362c346509f4f68abd4d6f721b52c1199ff4eb8abcd887c,22106162,0.5532789647587208,56,30681318,0.7679002741621593,112,35747745,0.8947041709935329,279,36081603,0.9030600587598678,559
2021-10-08-10_27_31,0,39954872,1118,742820,0dc3388ddeb691506362c346509f4f68abd4d6f721b52c1199ff4eb8abcd887c,22106162,0.553278258531275,56,30681318,0.7678992939834721,112,35754160,0.894863585096706,280,36082163,0.9030729218704543,559
2021-10-09-10_26_44,0,39954872,1119,742820,0dc3388ddeb691506362c346509f4f68abd4d6f721b52c1199ff4eb8abcd887c,22104660,0.5532406661195161,56,30679816,0.7678617015717132,112,35752566,0.8948236900871563,280,36083250,0.9031001275639177,560
2021-10-10-10_26_24,0,39954872,1119,742820,0dc3388ddeb691506362c346509f4f68abd4d6f721b52c1199ff4eb8abcd887c,22104660,0.5532406661195161,56,30679816,0.7678617015717132,112,35752566,0.8948236900871563,280,36083152,0.9030976747967057,560
2021-10-11-10_27_41,0,39954872,1119,742820,0dc3388ddeb691506362c346509f4f68abd4d6f721b52c1199ff4eb8abcd887c,22104660,0.5532406661195161,56,30669812,0.7676113190901975,112,35752562,0.8948235899742089,280,36081855,0.9030652131735023,560
2021-10-12-10_26_58,0,39954872,1119,742820,0dc3388ddeb691506362c346509f4f68abd4d6f721b52c1199ff4eb8abcd887c,22104660,0.5532406661195161,56,30694800,0.7682367246727758,112,35752537,0.8948229642682874,280,36083405,0.9031040069406304,560
2021-10-13-10_27_19,0,41954874,1121,2045988,6e5ea8507e38be7250cde9b8ff1f7c8e39a1460de16b38e6f4d5562ae36b5c1a,23876244,0.5690934502627751,56,32659585,0.778445550807756,112,37752523,0.8998364051814337,280,38083493,0.9077251191363368,561
2021-10-14-10_27_26,0,41954874,1122,1295986,6e5ea8507e38be7250cde9b8ff1f7c8e39a1460de16b38e6f4d5562ae36b5c1a,23597117,0.5624404211057814,56,32575504,0.7764414689935668,112,37746310,0.8996883175003696,281,38080883,0.907662909439318,561
2021-10-15-10_27_25,0,41954873,1123,1295986,6e5ea8507e38be7250cde9b8ff1f7c8e39a1460de16b38e6f4d5562ae36b5c1a,23587112,0.5622019640007014,56,32570499,0.7763221926568578,112,37731303,0.8993306450957437,281,38071400,0.9074369025023625,562
2021-10-16-10_26_54,0,41954873,1125,935436,6e5ea8507e38be7250cde9b8ff1f7c8e39a1460de16b38e6f4d5562ae36b5c1a,23443470,0.5587782377508329,56,32543405,0.7756764035491182,113,37714249,0.8989241607286,281,38071400,0.9074369025023625,563
2021-10-17-10_26_44,0,41955025,1135,833431,6e5ea8507e38be7250cde9b8ff1f7c8e39a1460de16b38e6f4d5562ae36b5c1a,23615787,0.5628833971616034,57,32559228,0.7760507352814114,114,37696654,0.8985015263368333,284,38036575,0.9066035594067695,568
2021-10-18-10_27_54,0,41955025,1137,833431,6e5ea8507e38be7250cde9b8ff1f7c8e39a1460de16b38e6f4d5562ae36b5c1a,23615787,0.5628833971616034,57,32556220,0.7759790394595165,114,37689511,0.8983312725948799,284,38034575,0.9065558893124245,569
2021-10-19-10_27_25,0,41955181,1139,833431,6e5ea8507e38be7250cde9b8ff1f7c8e39a1460de16b38e6f4d5562ae36b5c1a,23635787,0.5633580033893788,57,32576222,0.776452901013584,114,37699176,0.8985582972458157,285,38044283,0.9067839082853677,570
2021-10-20-10_27_36,0,41955181,1138,833431,6e5ea8507e38be7250cde9b8ff1f7c8e39a1460de16b38e6f4d5562ae36b5c1a,23635787,0.5633580033893788,57,32570267,0.7763109638354319,114,37699018,0.8985545313223652,285,38044182,0.9067815009545543,569
2021-10-21-10_28_14,0,41955181,1140,820921,6e5ea8507e38be7250cde9b8ff1f7c8e39a1460de16b38e6f4d5562ae36b5c1a,23623277,0.563059828057946,57,32562702,0.7761306523740179,114,37685289,0.8982273011764625,285,38041656,0.9067212938492626,570
2021-10-22-10_27_47,0,41955181,1145,820921,6e5ea8507e38be7250cde9b8ff1f7c8e39a1460de16b38e6f4d5562ae36b5c1a,23523276,0.5606763083682085,57,32617977,0.7774481297077469,115,37677172,0.8980338328179301,286,38038556,0.9066474054777645,573
2021-10-23-10_26_41,0,41955181,1145,820921,6e5ea8507e38be7250cde9b8ff1f7c8e39a1460de16b38e6f4d5562ae36b5c1a,23445609,0.5588251186426773,57,32617973,0.7774480343679128,115,37677168,0.898033737478096,286,38038326,0.9066419234372984,573
2021-10-24-10_26_58,0,41955181,1147,820921,6e5ea8507e38be7250cde9b8ff1f7c8e39a1460de16b38e6f4d5562ae36b5c1a,23445609,0.5588251186426773,57,32617973,0.7774480343679128,115,37703148,0.8986529697011676,287,38063322,0.9072377020611591,574
2021-10-25-10_28_36,0,41955233,1148,820921,6e5ea8507e38be7250cde9b8ff1f7c8e39a1460de16b38e6f4d5562ae36b5c1a,23432607,0.5585145242787711,57,32604971,0.7771371690391995,115,37703726,0.898665632484987,287,38064047,0.9072538579394852,574
2021-10-26-10_27_45,0,41955233,1149,742821,0dc3388ddeb691506362c346509f4f68abd4d6f721b52c1199ff4eb8abcd887c,23346925,0.5564722998916488,57,32524778,0.7752257745773931,115,37696788,0.8985002657475409,287,38063549,0.90724198814484,575
2021-10-27-10_27_33,0,41955231,1149,742821,0dc3388ddeb691506362c346509f4f68abd4d6f721b52c1199ff4eb8abcd887c,23309428,0.5555785880430499,57,32494772,0.7745106206184397,115,37702230,0.8986300182687589,287,38063551,0.9072420790627991,575
2021-10-28-10_27_50,0,41955231,1148,742821,0dc3388ddeb691506362c346509f4f68abd4d6f721b52c1199ff4eb8abcd887c,23297426,0.555292521211479,57,32482770,0.7742245537868687,115,37697527,0.8985179225922985,287,38068553,0.9073613013833722,574
2021-10-29-10_28_19,0,41955231,1148,742821,0dc3388ddeb691506362c346509f4f68abd4d6f721b52c1199ff4eb8abcd887c,23297426,0.555292521211479,57,32480768,0.7741768362567233,115,37694211,0.8984388859639457,287,38068603,0.9073624931298794,574
2021-10-30-10_26_53,0,41955231,1150,742821,0dc3388ddeb691506362c346509f4f68abd4d6f721b52c1199ff4eb8abcd887c,23573316,0.56186834008851,58,32470766,0.7739384392854374,115,37690298,0.8983456198822979,288,38067106,0.9073268122394559,575
2021-10-31-10_27_17,0,41955231,1151,793279,67077b2397f99fb6c63185af25cdf49d43736b22b7ea5dd68089a04cd4dbf8cf,23423212,0.5582906217343911,58,32403616,0.7723379237263645,115,37682111,0.8981504833092208,288,38069164,0.9073758645256893,576
2021-11-01-10_28_24,0,41955647,1157,793279,67077b2397f99fb6c63185af25cdf49d43736b22b7ea5dd68089a04cd4dbf8cf,23423212,0.5582850861530034,58,32483020,0.7742228358437662,116,37690191,0.8983341622642597,289,38069229,0.9073684169380107,579
2021-11-02-10_27_58,0,41955647,1161,793279,67077b2397f99fb6c63185af25cdf49d43736b22b7ea5dd68089a04cd4dbf8cf,23421700,0.5582490480959571,58,32481508,0.7741867977867198,116,37704699,0.8986799560021086,290,38067983,0.9073387189095189,581
2021-11-03-10_27_31,0,41955647,1161,793279,67077b2397f99fb6c63185af25cdf49d43736b22b7ea5dd68089a04cd4dbf8cf,23421700,0.5582490480959571,58,32514006,0.7749613776662769,116,37712016,0.8988543544567433,290,38067983,0.9073387189095189,581
2021-11-04-10_27_37,0,41955647,1162,793279,67077b2397f99fb6c63185af25cdf49d43736b22b7ea5dd68089a04cd4dbf8cf,23441700,0.5587257419722308,58,32523291,0.775182682798337,116,37711504,0.8988421510935107,291,38067983,0.9073387189095189,581
2021-11-05-10_27_47,0,41955647,1162,793279,67077b2397f99fb6c63185af25cdf49d43736b22b7ea5dd68089a04cd4dbf8cf,23441700,0.5587257419722308,58,32523291,0.775182682798337,116,37707685,0.8987511263978363,291,38067983,0.9073387189095189,581
2021-11-06-10_27_03,0,41955647,1165,793279,67077b2397f99fb6c63185af25cdf49d43736b22b7ea5dd68089a04cd4dbf8cf,23424066,0.5583054409815204,58,32584661,0.7766454179576828,117,37692102,0.8983797103641377,291,38061731,0.9071897044037958,583
2021-11-07-10_27_09,0,41955647,1165,793279,67077b2397f99fb6c63185af25cdf49d43736b22b7ea5dd68089a04cd4dbf8cf,23424066,0.5583054409815204,58,32584873,0.7766504709127713,117,37692100,0.89837966269475,291,38061981,0.9071956630772492,583
2021-11-08-10_28_32,0,41955647,1165,793279,67077b2397f99fb6c63185af25cdf49d43736b22b7ea5dd68089a04cd4dbf8cf,23424066,0.5583054409815204,58,32584873,0.7766504709127713,117,37680276,0.8980978412750971,291,38061779,0.9071908484690988,583
2021-11-09-10_27_43,0,43955649,1166,1963091,6e5ea8507e38be7250cde9b8ff1f7c8e39a1460de16b38e6f4d5562ae36b5c1a,25165005,0.5725090078865631,58,34512274,0.7851612883704663,117,39677863,0.902679494050924,292,40060821,0.9113918668337715,583
2021-11-10-10_28_16,0,43955649,1168,1963091,6e5ea8507e38be7250cde9b8ff1f7c8e39a1460de16b38e6f4d5562ae36b5c1a,25168701,0.5725930926420857,58,34525968,0.7854728296697427,117,39679808,0.9027237431985136,292,40056045,0.9112832118574793,584
2021-11-11-10_27_51,0,43956169,1177,1963091,6e5ea8507e38be7250cde9b8ff1f7c8e39a1460de16b38e6f4d5562ae36b5c1a,25456202,0.5791269480286146,59,34604371,0.7872472007285257,118,39693730,0.9030297886060089,294,40056959,0.9112932248485986,589
2021-11-12-10_27_49,0,43956165,1184,1963092,6e5ea8507e38be7250cde9b8ff1f7c8e39a1460de16b38e6f4d5562ae36b5c1a,25658355,0.5837259688146134,59,35403863,0.8054356652815368,118,40800891,0.9282177141704696,296,41178239,0.936802357530508,592
2021-11-13-10_27_05,0,43956165,1185,1963092,6e5ea8507e38be7250cde9b8ff1f7c8e39a1460de16b38e6f4d5562ae36b5c1a,25657811,0.5837135928486937,59,35489286,0.8073790331799874,119,40803154,0.9282691972786979,296,41177827,0.9367929845563188,593
2021-11-14-10_27_22,0,43956737,1196,1963092,6e5ea8507e38be7250cde9b8ff1f7c8e39a1460de16b38e6f4d5562ae36b5c1a,25895594,0.5891154750635835,60,35520335,0.8080748805353773,120,40728683,0.9265629293639335,299,41076850,0.9344836037306409,598
2021-11-15-10_28_17,0,43956737,1199,1963092,6e5ea8507e38be7250cde9b8ff1f7c8e39a1460de16b38e6f4d5562ae36b5c1a,25865488,0.5884305743622417,60,35511953,0.8078841930418994,120,40728230,0.9265526237764191,300,41076096,0.9344664505010916,600
2021-11-16-10_28_03,0,43957101,1207,1963092,6e5ea8507e38be7250cde9b8ff1f7c8e39a1460de16b38e6f4d5562ae36b5c1a,25869484,0.588516608499728,60,35585352,0.8095472902091518,121,40734384,0.926684951311962,302,41076060,0.9344578933901942,604
2021-11-17-10_27_59,0,43957101,1213,1627842,6e5ea8507e38be7250cde9b8ff1f7c8e39a1460de16b38e6f4d5562ae36b5c1a,25949936,0.5903468474865984,61,35470791,0.8069410901323998,121,40712265,0.9261817561626733,303,41069471,0.9343079972448592,607
2021-11-18-10_27_46,0,43957101,1213,1627842,6e5ea8507e38be7250cde9b8ff1f7c8e39a1460de16b38e6f4d5562ae36b5c1a,25949933,0.5903467792382395,61,35481301,0.8071801868826609,121,40711698,0.9261688572228637,303,41071041,0.9343437138859544,607
2021-11-19-10_28_17,0,43957100,1213,1627842,6e5ea8507e38be7250cde9b8ff1f7c8e39a1460de16b38e6f4d5562ae36b5c1a,25948929,0.590323952217048,61,35480285,0.8071570918008695,121,40718053,0.926313451069338,303,41071013,0.9343430981570667,607
2021-11-20-10_26_55,0,43957100,1214,1627842,6e5ea8507e38be7250cde9b8ff1f7c8e39a1460de16b38e6f4d5562ae36b5c1a,25970425,0.5908129744682884,61,35590576,0.8096661517707037,121,40727657,0.926531936820218,304,41072017,0.934365938608325,607
2021-11-21-10_27_25,0,43957096,1223,1627843,6e5ea8507e38be7250cde9b8ff1f7c8e39a1460de16b38e6f4d5562ae36b5c1a,25919208,0.5896478693678946,61,35620621,0.8103497328394942,122,40701952,0.9259472463786051,306,41033717,0.9334947194873838,612
2021-11-28-10_27_39,0,43957460,1236,1617841,6e5ea8507e38be7250cde9b8ff1f7c8e39a1460de16b38e6f4d5562ae36b5c1a,26077444,0.5932427396851411,62,35696244,0.812063390377879,124,40692572,0.9257261907307656,309,41000615,0.932733943226019,618
